[{"@type":"drsTask","id":"@1","name":"USB_DRS","maxLogs":10,"sourceConnectionId":"@1y6vpCcSVShdOpQHrAmnc1","targetConnectionId":"@4XEK4rV72TogF122DwLFqY","tablePrefix":"SF_","verbose":false,"fullRefresh":true,"replicateAllObjects":false,"removeDeleted":true,"queryAll":false,"srcShowLabels":true,"maxRows":0,"stopOnError":true,"replicationObjects":["Account","Contact"],"excludedReplicationObjects":[],"majorUpdateTime":1635715511000,"metadataMode":0,"bulkApi":false,"base64BodySize":0.0,"bulkApiDBTarget":false,"fieldExclusions":[],"filters":[{"@type":"filter","objectName":"Account","field":"AccountNumber","fieldLabel":"Account Number","type":"STRING","operator":"notEquals","value":"NULL"}],"advancedFilters":[],"srcRuntimeAttrs":{"@type":"taskRuntimeAttrs","attrs":{"PK Chunking size":"100000","Enable PK Chunking":"0","PK Chunking startRow ID":""}}}]