[{"@type":"mappingTemplate","id":"@1","name":"Ableto","description":"","bundleVersion":"0","templateId":"@3","deployTime":1630345687000,"hasParameters":false,"valid":true,"fixedConnection":true,"hasParametersDeployed":false,"fixedConnectionDeployed":true,"tasks":1,"mappingPreviewFileRecordId":"@2","documentType":"MAPPING","references":[{"@type":"reference","refObjectId":"@5Rbqk7rIXNpghcpgltMVcP","refType":"connection"},{"@type":"reference","refObjectId":"@59Cp9cxBK80ll03pVL5TST","refType":"connection"}]}]