[{"@type":"mappingTemplate","id":"@1","name":"CheckinbyRestAPI","description":"","bundleVersion":"0","templateId":"@3","deployTime":1678572761000,"hasParameters":false,"valid":true,"fixedConnection":true,"hasParametersDeployed":false,"fixedConnectionDeployed":true,"isSchemaValidationEnabled":false,"tasks":0,"mappingPreviewFileRecordId":"@2","documentType":"MAPPING","references":[{"@type":"reference","refObjectId":"@5Rbqk7rIXNpghcpgltMVcP","refType":"connection"},{"@type":"reference","refObjectId":"@4b0WFN6l2mLkUWu92HxBYa","refType":"connection"}]}]