[{"@type":"mappingTemplate","id":"@1","name":"Mapping319","description":"","bundleVersion":"0","templateId":"@3","deployTime":1649195527000,"hasParameters":false,"valid":true,"fixedConnection":true,"hasParametersDeployed":false,"fixedConnectionDeployed":true,"tasks":1,"mappingPreviewFileRecordId":"@2","documentType":"MAPPING","references":[{"@type":"reference","refObjectId":"@5Rbqk7rIXNpghcpgltMVcP","refType":"connection"},{"@type":"reference","refObjectId":"@7igy7bmHJyEivl59eMQk62","refType":"connection"}]}]