[{"@type":"mappingTemplate","id":"@1","name":"FF_FF_mapping_1","description":"","bundleVersion":"0","templateId":"@3","deployTime":1693954106000,"hasParameters":false,"valid":true,"fixedConnection":true,"hasParametersDeployed":false,"fixedConnectionDeployed":true,"isSchemaValidationEnabled":false,"tasks":1,"mappingPreviewFileRecordId":"@2","documentType":"MAPPING","references":[{"@type":"reference","refObjectId":"@4XEK4rV72TogF122DwLFqY","refType":"connection"},{"@type":"reference","refObjectId":"@1d6HwLJUNGxbjJmkX5iW8Q","refType":"connection"}]}]