[{"@type":"drsTask","id":"@1","name":"NB_Replication_Task","maxLogs":10,"sourceConnectionId":"@1y6vpCcSVShdOpQHrAmnc1","targetConnectionId":"@7UD5Iq4gYUAfK5SOEwfvGP","tablePrefix":"SF_books2","verbose":false,"fullRefresh":false,"replicateAllObjects":false,"removeDeleted":true,"queryAll":false,"srcShowLabels":true,"maxRows":0,"stopOnError":true,"replicationObjects":["Book__c"],"excludedReplicationObjects":[],"majorUpdateTime":1630268855000,"metadataMode":0,"bulkApi":false,"base64BodySize":0.0,"bulkApiDBTarget":false,"fieldExclusions":[],"filters":[],"advancedFilters":[],"srcRuntimeAttrs":{"@type":"taskRuntimeAttrs","attrs":{"PK Chunking size":"100000","Enable PK Chunking":"0","PK Chunking startRow ID":""}}}]