[{"@type":"mappingTemplate","id":"@1","name":"Mapping130","description":"","bundleVersion":"0","templateId":"@3","deployTime":1579284208000,"hasParameters":false,"valid":true,"fixedConnection":true,"hasParametersDeployed":false,"fixedConnectionDeployed":true,"tasks":1,"mappingPreviewFileRecordId":"@2","documentType":"","references":[{"@type":"reference","refObjectId":"@5Rbqk7rIXNpghcpgltMVcP","refType":"connection"},{"@type":"reference","refObjectId":"@4b0WFN6l2mLkUWu92HxBYa","refType":"connection"}]}]