[{"@type":"mappingTemplate","id":"@1","name":"Mapping342","description":"","bundleVersion":"0","templateId":"@3","deployTime":1665020881000,"hasParameters":false,"valid":true,"fixedConnection":true,"hasParametersDeployed":false,"fixedConnectionDeployed":true,"tasks":1,"mappingPreviewFileRecordId":"@2","documentType":"MAPPING","references":[{"@type":"reference","refObjectId":"@5Rbqk7rIXNpghcpgltMVcP","refType":"connection"},{"@type":"reference","refObjectId":"@aSPkIA5b3GGl9VqdutoR06","refType":"connection"}]}]