[{"@type":"mappingTemplate","id":"@1","name":"WellFargos","description":"","bundleVersion":"0","templateId":"@3","deployTime":1693346396000,"hasParameters":false,"valid":true,"fixedConnection":true,"hasParametersDeployed":false,"fixedConnectionDeployed":true,"isSchemaValidationEnabled":false,"tasks":1,"mappingPreviewFileRecordId":"@2","documentType":"MAPPING","references":[{"@type":"reference","refObjectId":"@4b0WFN6l2mLkUWu92HxBYa","refType":"connection"},{"@type":"reference","refObjectId":"@7igy7bmHJyEivl59eMQk62","refType":"connection"}]}]