[{"@type":"mappingTemplate","id":"@1","name":"Asset with space A","description":"","bundleVersion":"0","templateId":"@3","deployTime":1617397896000,"hasParameters":false,"valid":true,"fixedConnection":true,"hasParametersDeployed":false,"fixedConnectionDeployed":true,"tasks":0,"mappingPreviewFileRecordId":"@2","documentType":"MAPPING","references":[{"@type":"reference","refObjectId":"@0v6hTuFCMxmenti5TKihsa","refType":"connection"},{"@type":"reference","refObjectId":"@8ZT2P1EF0EZiPqcdNhN5g3","refType":"connection"}]}]