[{"@type":"mappingTemplate","id":"@1","name":"S3_FF","description":"","bundleVersion":"0","templateId":"@3","deployTime":1678574072000,"hasParameters":false,"valid":true,"fixedConnection":true,"hasParametersDeployed":false,"fixedConnectionDeployed":true,"isSchemaValidationEnabled":false,"tasks":1,"mappingPreviewFileRecordId":"@2","documentType":"MAPPING","references":[{"@type":"reference","refObjectId":"@4XEK4rV72TogF122DwLFqY","refType":"connection"},{"@type":"reference","refObjectId":"@cwgaX9qR882eMXhFKSByYR","refType":"connection"}]}]