[{"@type":"mtTask","id":"@1","name":"GIT_rest","description":"","runtimeEnvironmentId":"@165jpQBwWeSjXM7D9uN124","maxLogs":10,"verbose":false,"mappingId":"@62HQY1ehLkGiO9K6pzjjss","shortDescription":"","sessionPropertiesList":[],"enableCrossSchemaPushdown":true,"enableParallelRun":false,"autoTunedApplied":false,"autoTunedAppliedType":"NONE","paramFileType":"PARAM_FILE_LOCAL","parameterFileEncoding":"UTF-8","serverlessProperties":{},"parameters":[{"@type":"mtTaskParameter","id":204800386,"name":"$Source$","type":"EXTENDED_SOURCE","label":"NewParameter","description":"","uiProperties":{"cnxtype":"CSVFile","connectionParameterized":"true","logcnx":"NewParameter","isMsrcFilterParameterized":"false","isMsrcSortParameterized":"false","objlabel":"NewParameter1","objectParameterized":"true","objDesc":""},"sourceConnectionId":"@4XEK4rV72TogF122DwLFqY","newFlatFile":false,"newObject":false,"showBusinessNames":true,"naturalOrder":true,"truncateTarget":false,"bulkApiDBTarget":false,"customFuncCfg":{"@type":"customFuncConfig","id":-1,"connections":[],"inputMap":[],"outputFields":[]},"tgtFieldRefs":{},"targetUpdateColumns":[],"extendedObject":{"@type":"extendedObject","object":{"@type":"mObject","name":"source2.csv","label":"source2.csv","metadataUpdated":false,"relations":[],"children":[]},"filters":[],"sortFields":[]},"runtimeAttrs":{},"isRESTModernSource":true,"isFileList":false,"handleSpecialChars":false,"frsAsset":false,"dynamicFileName":false,"currentlyProcessedFileName":false,"fetchMode":"ORIGINAL","tgtObjectAttributes":{},"runtimeParameterData":{"@type":"mtTaskRuntimeParameterData","isConnectionRuntimeParameter":true,"isObjectRuntimeParameter":true,"connectionParameterName":"NewParameter","objectParameterName":"NewParameter1","objectDefaultValue":"kroger.csv"},"overriddenFields":[]},{"@type":"mtTaskParameter","id":204800389,"name":"$Target$","type":"TARGET","label":"NewParameter2","description":"","uiProperties":{"cnxtype":"CSVFile","connectionParameterized":"true","logcnx":"NewParameter2","objlabel":"NewParameter3","objectParameterized":"true","objDesc":"","defaultTargetUpdateColumns":"","noCreateTarget":"true"},"targetConnectionId":"@e6d3Fff3OclcYETMruiOqm","targetObject":"target1.csv","targetObjectLabel":"target1.csv","newFlatFile":false,"newObject":false,"showBusinessNames":true,"naturalOrder":true,"truncateTarget":false,"bulkApiDBTarget":false,"operationType":"Insert","customFuncCfg":{"@type":"customFuncConfig","id":-1,"connections":[],"inputMap":[],"outputFields":[]},"tgtFieldRefs":{},"targetUpdateColumns":[],"extendedObject":{"@type":"extendedObject","filters":[],"sortFields":[]},"runtimeAttrs":{},"isRESTModernSource":true,"isFileList":false,"handleSpecialChars":false,"frsAsset":false,"dynamicFileName":false,"currentlyProcessedFileName":false,"fetchMode":"ORIGINAL","tgtObjectAttributes":{},"runtimeParameterData":{"@type":"mtTaskRuntimeParameterData","isConnectionRuntimeParameter":true,"isObjectRuntimeParameter":true,"connectionParameterName":"NewParameter2","objectParameterName":"NewParameter3","objectDefaultValue":"testgitrest"},"overriddenFields":[]}],"sequences":[],"inOutParameters":[],"connRuntimeAttrs":[]}]