[{"@type":"dssTask","id":"@1","name":"Synchronization Task9","description":"","maxLogs":10,"sourceConnectionId":"@1y6vpCcSVShdOpQHrAmnc1","targetConnectionId":"@7UD5Iq4gYUAfK5SOEwfvGP","targetObject":"SF_BOOKSBOOK__C","targetObjectLabel":"SF_BOOKSBOOK__C","operation":"Insert","maxRows":0,"truncateTarget":false,"bulkApiDBTarget":false,"verbose":false,"targetMetadataUpdated":false,"modelVersion":"V3-R600","queryAll":false,"srcSettings":{"@type":"taskDataSourceSetting","isShowLabels":true,"isNaturalOrder":true},"tgtSettings":{"@type":"taskDataSourceSetting","isShowLabels":false,"isNaturalOrder":true},"cfSettings":{"@type":"taskDataSourceSetting","isShowLabels":false,"isNaturalOrder":false},"bulkApi":false,"bulkApiSerialMode":false,"bulkApiMonitor":false,"isTargetObjectSfCustom":false,"allowNullUpdates":false,"targetBatchSize":200,"assignmentRuleId":"-1","assignmentRuleType":"None","createSuccessFile":false,"bulkApiHardDelete":false,"srcRuntimeAttrs":{"@type":"taskRuntimeAttrs","attrs":{"PK Chunking size":"100000","Enable PK Chunking":"0","PK Chunking startRow ID":""}},"tgtRuntimeAttrs":{"@type":"taskRuntimeAttrs","attrs":{}},"parameterFileEncoding":"UTF-8","serverlessProperties":{},"sourceObjects":[{"@type":"mObject","name":"Book__c","label":"Book","metadataUpdated":false,"relations":[],"children":[{"@type":"mObject","name":"Account","label":"Account","metadataUpdated":false,"relations":[{"@type":"objectRelation","object1":"Account","object2":"Book__c","field1":"Id","field2":"Account__c","relationshipName":"Account__r"}],"children":[]}]}],"advancedFilters":[],"filters":[{"@type":"filter","objectName":"Book__c.Account__r","objectLabel":"Account","field":"SystemModstamp","fieldLabel":"System Modstamp","type":"DATETIME","operator":"greaterOrEquals","value":"$LastRunTime"}],"fieldMaps":[{"@type":"fieldMap","id":"49378861","targetField":{"@type":"field","id":158948869,"name":"ID","type":"nvarchar","uniqueName":"ID","label":"ID","parentObject":"SF_BOOKSBOOK__C","pcType":"UNISTRING","precision":54,"scale":0,"columnIndex":0,"isKey":false,"isExternalId":false,"isSfIdLookup":false,"isNullable":true,"isUnique":false,"isCreateable":false,"isUpdateable":true,"isFilterable":true,"isCalculated":false,"showLabel":false,"naturalOrder":0,"linkedFields":["Id"],"relatedInfos":[],"references":[]},"expression":"Id"},{"@type":"fieldMap","id":"49378864","targetField":{"@type":"field","id":158948872,"name":"OWNERID","type":"nvarchar","uniqueName":"OWNERID","label":"OWNERID","parentObject":"SF_BOOKSBOOK__C","pcType":"UNISTRING","precision":54,"scale":0,"columnIndex":1,"isKey":false,"isExternalId":false,"isSfIdLookup":false,"isNullable":true,"isUnique":false,"isCreateable":false,"isUpdateable":true,"isFilterable":true,"isCalculated":false,"showLabel":false,"naturalOrder":1,"linkedFields":["OwnerId"],"relatedInfos":[],"references":[]},"expression":"OwnerId"},{"@type":"fieldMap","id":"49378867","targetField":{"@type":"field","id":158948875,"name":"ISDELETED","type":"double","uniqueName":"ISDELETED","label":"ISDELETED","parentObject":"SF_BOOKSBOOK__C","pcType":"FLOAT","precision":15,"scale":0,"columnIndex":2,"isKey":false,"isExternalId":false,"isSfIdLookup":false,"isNullable":true,"isUnique":false,"isCreateable":false,"isUpdateable":true,"isFilterable":true,"isCalculated":false,"showLabel":false,"naturalOrder":2,"linkedFields":["IsDeleted"],"relatedInfos":[],"references":[]},"expression":"IsDeleted"},{"@type":"fieldMap","id":"49378870","targetField":{"@type":"field","id":158948878,"name":"NAME","type":"nvarchar","uniqueName":"NAME","label":"NAME","parentObject":"SF_BOOKSBOOK__C","pcType":"UNISTRING","precision":240,"scale":0,"columnIndex":3,"isKey":false,"isExternalId":false,"isSfIdLookup":false,"isNullable":true,"isUnique":false,"isCreateable":false,"isUpdateable":true,"isFilterable":true,"isCalculated":false,"showLabel":false,"naturalOrder":3,"linkedFields":["Name"],"relatedInfos":[],"references":[]},"expression":"Name"},{"@type":"fieldMap","id":"49378873","targetField":{"@type":"field","id":158948881,"name":"CURRENCYISOCODE","type":"nvarchar","uniqueName":"CURRENCYISOCODE","label":"CURRENCYISOCODE","parentObject":"SF_BOOKSBOOK__C","pcType":"UNISTRING","precision":9,"scale":0,"columnIndex":4,"isKey":false,"isExternalId":false,"isSfIdLookup":false,"isNullable":true,"isUnique":false,"isCreateable":false,"isUpdateable":true,"isFilterable":true,"isCalculated":false,"showLabel":false,"naturalOrder":4,"linkedFields":["CurrencyIsoCode"],"relatedInfos":[],"references":[]},"expression":"CurrencyIsoCode"},{"@type":"fieldMap","id":"49378876","targetField":{"@type":"field","id":158948884,"name":"CREATEDDATE","type":"timestamp","uniqueName":"CREATEDDATE","label":"CREATEDDATE","parentObject":"SF_BOOKSBOOK__C","pcType":"DATE","precision":23,"scale":3,"columnIndex":5,"isKey":false,"isExternalId":false,"isSfIdLookup":false,"isNullable":true,"isUnique":false,"isCreateable":false,"isUpdateable":true,"isFilterable":true,"isCalculated":false,"showLabel":false,"naturalOrder":5,"linkedFields":["CreatedDate"],"relatedInfos":[],"references":[]},"expression":"CreatedDate"},{"@type":"fieldMap","id":"49378879","targetField":{"@type":"field","id":158948887,"name":"CREATEDBYID","type":"nvarchar","uniqueName":"CREATEDBYID","label":"CREATEDBYID","parentObject":"SF_BOOKSBOOK__C","pcType":"UNISTRING","precision":54,"scale":0,"columnIndex":6,"isKey":false,"isExternalId":false,"isSfIdLookup":false,"isNullable":true,"isUnique":false,"isCreateable":false,"isUpdateable":true,"isFilterable":true,"isCalculated":false,"showLabel":false,"naturalOrder":6,"linkedFields":["CreatedById"],"relatedInfos":[],"references":[]},"expression":"CreatedById"},{"@type":"fieldMap","id":"49378882","targetField":{"@type":"field","id":158948890,"name":"LASTMODIFIEDDATE","type":"timestamp","uniqueName":"LASTMODIFIEDDATE","label":"LASTMODIFIEDDATE","parentObject":"SF_BOOKSBOOK__C","pcType":"DATE","precision":23,"scale":3,"columnIndex":7,"isKey":false,"isExternalId":false,"isSfIdLookup":false,"isNullable":true,"isUnique":false,"isCreateable":false,"isUpdateable":true,"isFilterable":true,"isCalculated":false,"showLabel":false,"naturalOrder":7,"linkedFields":["LastModifiedDate"],"relatedInfos":[],"references":[]},"expression":"LastModifiedDate"},{"@type":"fieldMap","id":"49378885","targetField":{"@type":"field","id":158948893,"name":"LASTMODIFIEDBYID","type":"nvarchar","uniqueName":"LASTMODIFIEDBYID","label":"LASTMODIFIEDBYID","parentObject":"SF_BOOKSBOOK__C","pcType":"UNISTRING","precision":54,"scale":0,"columnIndex":8,"isKey":false,"isExternalId":false,"isSfIdLookup":false,"isNullable":true,"isUnique":false,"isCreateable":false,"isUpdateable":true,"isFilterable":true,"isCalculated":false,"showLabel":false,"naturalOrder":8,"linkedFields":["LastModifiedById"],"relatedInfos":[],"references":[]},"expression":"LastModifiedById"},{"@type":"fieldMap","id":"49378888","targetField":{"@type":"field","id":158948896,"name":"SYSTEMMODSTAMP","type":"timestamp","uniqueName":"SYSTEMMODSTAMP","label":"SYSTEMMODSTAMP","parentObject":"SF_BOOKSBOOK__C","pcType":"DATE","precision":23,"scale":3,"columnIndex":9,"isKey":false,"isExternalId":false,"isSfIdLookup":false,"isNullable":true,"isUnique":false,"isCreateable":false,"isUpdateable":true,"isFilterable":true,"isCalculated":false,"showLabel":false,"naturalOrder":9,"linkedFields":["SystemModstamp"],"relatedInfos":[],"references":[]},"expression":"SystemModstamp"},{"@type":"fieldMap","id":"49378891","targetField":{"@type":"field","id":158948899,"name":"LASTVIEWEDDATE","type":"timestamp","uniqueName":"LASTVIEWEDDATE","label":"LASTVIEWEDDATE","parentObject":"SF_BOOKSBOOK__C","pcType":"DATE","precision":23,"scale":3,"columnIndex":10,"isKey":false,"isExternalId":false,"isSfIdLookup":false,"isNullable":true,"isUnique":false,"isCreateable":false,"isUpdateable":true,"isFilterable":true,"isCalculated":false,"showLabel":false,"naturalOrder":10,"linkedFields":["LastViewedDate"],"relatedInfos":[],"references":[]},"expression":"LastViewedDate"},{"@type":"fieldMap","id":"49378894","targetField":{"@type":"field","id":158948902,"name":"LASTREFERENCEDDATE","type":"timestamp","uniqueName":"LASTREFERENCEDDATE","label":"LASTREFERENCEDDATE","parentObject":"SF_BOOKSBOOK__C","pcType":"DATE","precision":23,"scale":3,"columnIndex":11,"isKey":false,"isExternalId":false,"isSfIdLookup":false,"isNullable":true,"isUnique":false,"isCreateable":false,"isUpdateable":true,"isFilterable":true,"isCalculated":false,"showLabel":false,"naturalOrder":11,"linkedFields":["LastReferencedDate"],"relatedInfos":[],"references":[]},"expression":"LastReferencedDate"},{"@type":"fieldMap","id":"49378897","targetField":{"@type":"field","id":158948905,"name":"CONNECTIONRECEIVEDID","type":"nvarchar","uniqueName":"CONNECTIONRECEIVEDID","label":"CONNECTIONRECEIVEDID","parentObject":"SF_BOOKSBOOK__C","pcType":"UNISTRING","precision":54,"scale":0,"columnIndex":12,"isKey":false,"isExternalId":false,"isSfIdLookup":false,"isNullable":true,"isUnique":false,"isCreateable":false,"isUpdateable":true,"isFilterable":true,"isCalculated":false,"showLabel":false,"naturalOrder":12,"linkedFields":["ConnectionReceivedId"],"relatedInfos":[],"references":[]},"expression":"ConnectionReceivedId"},{"@type":"fieldMap","id":"49378900","targetField":{"@type":"field","id":158948908,"name":"CONNECTIONSENTID","type":"nvarchar","uniqueName":"CONNECTIONSENTID","label":"CONNECTIONSENTID","parentObject":"SF_BOOKSBOOK__C","pcType":"UNISTRING","precision":54,"scale":0,"columnIndex":13,"isKey":false,"isExternalId":false,"isSfIdLookup":false,"isNullable":true,"isUnique":false,"isCreateable":false,"isUpdateable":true,"isFilterable":true,"isCalculated":false,"showLabel":false,"naturalOrder":13,"linkedFields":["ConnectionSentId"],"relatedInfos":[],"references":[]},"expression":"ConnectionSentId"},{"@type":"fieldMap","id":"49378903","targetField":{"@type":"field","id":158948911,"name":"ACCOUNT__C","type":"nvarchar","uniqueName":"ACCOUNT__C","label":"ACCOUNT__C","parentObject":"SF_BOOKSBOOK__C","pcType":"UNISTRING","precision":54,"scale":0,"columnIndex":14,"isKey":false,"isExternalId":false,"isSfIdLookup":false,"isNullable":true,"isUnique":false,"isCreateable":false,"isUpdateable":true,"isFilterable":true,"isCalculated":false,"showLabel":false,"naturalOrder":14,"linkedFields":["Account__c"],"relatedInfos":[],"references":[]},"expression":"Account__c"},{"@type":"fieldMap","id":"49378906","targetField":{"@type":"field","id":158948914,"name":"PRICE__C","type":"decimal","uniqueName":"PRICE__C","label":"PRICE__C","parentObject":"SF_BOOKSBOOK__C","pcType":"HIPRECDECIMAL","precision":18,"scale":2,"columnIndex":15,"isKey":false,"isExternalId":false,"isSfIdLookup":false,"isNullable":true,"isUnique":false,"isCreateable":false,"isUpdateable":true,"isFilterable":true,"isCalculated":false,"showLabel":false,"naturalOrder":15,"linkedFields":["Price__c"],"relatedInfos":[],"references":[]},"expression":"Price__c"},{"@type":"fieldMap","id":"49378909","targetField":{"@type":"field","id":158948917,"name":"BOOKID__C","type":"nvarchar","uniqueName":"BOOKID__C","label":"BOOKID__C","parentObject":"SF_BOOKSBOOK__C","pcType":"UNISTRING","precision":150,"scale":0,"columnIndex":16,"isKey":false,"isExternalId":false,"isSfIdLookup":false,"isNullable":true,"isUnique":false,"isCreateable":false,"isUpdateable":true,"isFilterable":true,"isCalculated":false,"showLabel":false,"naturalOrder":16,"linkedFields":["BookID__c"],"relatedInfos":[],"references":[]},"expression":"BookID__c"},{"@type":"fieldMap","id":"49378912","targetField":{"@type":"field","id":158948920,"name":"AMOUNT__C","type":"nvarchar","uniqueName":"AMOUNT__C","label":"AMOUNT__C","parentObject":"SF_BOOKSBOOK__C","pcType":"UNISTRING","precision":3900,"scale":0,"columnIndex":17,"isKey":false,"isExternalId":false,"isSfIdLookup":false,"isNullable":true,"isUnique":false,"isCreateable":false,"isUpdateable":true,"isFilterable":true,"isCalculated":false,"showLabel":false,"naturalOrder":17,"linkedFields":["Amount__c"],"relatedInfos":[],"references":[]},"expression":"Amount__c"}],"sourceFields":[{"@type":"field","id":158948923,"name":"Id","type":"id","uniqueName":"Id","label":"Record ID","parentObject":"Book__c","pcType":"STRING","precision":18,"scale":0,"columnIndex":0,"isKey":true,"isExternalId":false,"isSfIdLookup":true,"isNullable":false,"isUnique":false,"isCreateable":false,"isUpdateable":false,"isFilterable":true,"isCalculated":false,"showLabel":true,"naturalOrder":0,"linkedFields":["ID"],"relatedInfos":[],"references":[]},{"@type":"field","id":158948926,"name":"OwnerId","type":"reference","uniqueName":"OwnerId","label":"Owner ID","parentObject":"Book__c","pcType":"STRING","precision":18,"scale":0,"columnIndex":1,"isKey":false,"isExternalId":false,"isSfIdLookup":false,"isNullable":false,"isUnique":false,"isCreateable":true,"isUpdateable":true,"isFilterable":true,"isCalculated":false,"showLabel":true,"naturalOrder":1,"linkedFields":["OWNERID"],"relatedInfos":[{"@type":"fieldRelatedInfo","id":6694156,"referenceObject":"Group","relationshipName":"Owner","referenceField":{"@type":"field","id":-1,"precision":0,"scale":0,"columnIndex":-1,"isKey":false,"isExternalId":false,"isSfIdLookup":false,"isNullable":true,"isUnique":false,"isCreateable":false,"isUpdateable":true,"isFilterable":true,"isCalculated":false,"showLabel":true,"naturalOrder":0,"linkedFields":[],"relatedInfos":[],"references":[]}},{"@type":"fieldRelatedInfo","id":6694159,"referenceObject":"User","relationshipName":"Owner","referenceField":{"@type":"field","id":-1,"precision":0,"scale":0,"columnIndex":-1,"isKey":false,"isExternalId":false,"isSfIdLookup":false,"isNullable":true,"isUnique":false,"isCreateable":false,"isUpdateable":true,"isFilterable":true,"isCalculated":false,"showLabel":true,"naturalOrder":0,"linkedFields":[],"relatedInfos":[],"references":[]}}],"references":[]},{"@type":"field","id":158948929,"name":"IsDeleted","type":"boolean","uniqueName":"IsDeleted","label":"Deleted","parentObject":"Book__c","pcType":"INT","precision":10,"scale":0,"columnIndex":2,"isKey":false,"isExternalId":false,"isSfIdLookup":false,"isNullable":false,"isUnique":false,"isCreateable":false,"isUpdateable":false,"isFilterable":true,"isCalculated":false,"showLabel":true,"naturalOrder":2,"linkedFields":["ISDELETED"],"relatedInfos":[],"references":[]},{"@type":"field","id":158948932,"name":"Name","type":"string","uniqueName":"Name","label":"Book Name","parentObject":"Book__c","pcType":"STRING","precision":80,"scale":0,"columnIndex":3,"isKey":false,"isExternalId":false,"isSfIdLookup":true,"isNullable":true,"isUnique":false,"isCreateable":true,"isUpdateable":true,"isFilterable":true,"isCalculated":false,"showLabel":true,"naturalOrder":3,"linkedFields":["NAME"],"relatedInfos":[],"references":[]},{"@type":"field","id":158948935,"name":"CurrencyIsoCode","type":"picklist","uniqueName":"CurrencyIsoCode","label":"Currency ISO Code","parentObject":"Book__c","pcType":"STRING","precision":3,"scale":0,"columnIndex":4,"isKey":false,"isExternalId":false,"isSfIdLookup":false,"isNullable":true,"isUnique":false,"isCreateable":true,"isUpdateable":true,"isFilterable":true,"isCalculated":false,"showLabel":true,"naturalOrder":4,"linkedFields":["CURRENCYISOCODE"],"relatedInfos":[],"references":[]},{"@type":"field","id":158948938,"name":"CreatedDate","type":"datetime","uniqueName":"CreatedDate","label":"Created Date","parentObject":"Book__c","pcType":"DATE","precision":24,"scale":0,"columnIndex":5,"isKey":false,"isExternalId":false,"isSfIdLookup":false,"isNullable":false,"isUnique":false,"isCreateable":false,"isUpdateable":false,"isFilterable":true,"isCalculated":false,"showLabel":true,"naturalOrder":5,"linkedFields":["CREATEDDATE"],"relatedInfos":[],"references":[]},{"@type":"field","id":158948941,"name":"CreatedById","type":"reference","uniqueName":"CreatedById","label":"Created By ID","parentObject":"Book__c","pcType":"STRING","precision":18,"scale":0,"columnIndex":6,"isKey":false,"isExternalId":false,"isSfIdLookup":false,"isNullable":false,"isUnique":false,"isCreateable":false,"isUpdateable":false,"isFilterable":true,"isCalculated":false,"showLabel":true,"naturalOrder":6,"linkedFields":["CREATEDBYID"],"relatedInfos":[{"@type":"fieldRelatedInfo","id":6694162,"referenceObject":"User","relationshipName":"CreatedBy","referenceField":{"@type":"field","id":-1,"precision":0,"scale":0,"columnIndex":-1,"isKey":false,"isExternalId":false,"isSfIdLookup":false,"isNullable":true,"isUnique":false,"isCreateable":false,"isUpdateable":true,"isFilterable":true,"isCalculated":false,"showLabel":true,"naturalOrder":0,"linkedFields":[],"relatedInfos":[],"references":[]}}],"references":[]},{"@type":"field","id":158948944,"name":"LastModifiedDate","type":"datetime","uniqueName":"LastModifiedDate","label":"Last Modified Date","parentObject":"Book__c","pcType":"DATE","precision":24,"scale":0,"columnIndex":7,"isKey":false,"isExternalId":false,"isSfIdLookup":false,"isNullable":false,"isUnique":false,"isCreateable":false,"isUpdateable":false,"isFilterable":true,"isCalculated":false,"showLabel":true,"naturalOrder":7,"linkedFields":["LASTMODIFIEDDATE"],"relatedInfos":[],"references":[]},{"@type":"field","id":158948947,"name":"LastModifiedById","type":"reference","uniqueName":"LastModifiedById","label":"Last Modified By ID","parentObject":"Book__c","pcType":"STRING","precision":18,"scale":0,"columnIndex":8,"isKey":false,"isExternalId":false,"isSfIdLookup":false,"isNullable":false,"isUnique":false,"isCreateable":false,"isUpdateable":false,"isFilterable":true,"isCalculated":false,"showLabel":true,"naturalOrder":8,"linkedFields":["LASTMODIFIEDBYID"],"relatedInfos":[{"@type":"fieldRelatedInfo","id":6694165,"referenceObject":"User","relationshipName":"LastModifiedBy","referenceField":{"@type":"field","id":-1,"precision":0,"scale":0,"columnIndex":-1,"isKey":false,"isExternalId":false,"isSfIdLookup":false,"isNullable":true,"isUnique":false,"isCreateable":false,"isUpdateable":true,"isFilterable":true,"isCalculated":false,"showLabel":true,"naturalOrder":0,"linkedFields":[],"relatedInfos":[],"references":[]}}],"references":[]},{"@type":"field","id":158948950,"name":"SystemModstamp","type":"datetime","uniqueName":"SystemModstamp","label":"System Modstamp","parentObject":"Book__c","pcType":"DATE","precision":24,"scale":0,"columnIndex":9,"isKey":false,"isExternalId":false,"isSfIdLookup":false,"isNullable":false,"isUnique":false,"isCreateable":false,"isUpdateable":false,"isFilterable":true,"isCalculated":false,"showLabel":true,"naturalOrder":9,"linkedFields":["SYSTEMMODSTAMP"],"relatedInfos":[],"references":[]},{"@type":"field","id":158948953,"name":"LastViewedDate","type":"datetime","uniqueName":"LastViewedDate","label":"Last Viewed Date","parentObject":"Book__c","pcType":"DATE","precision":24,"scale":0,"columnIndex":10,"isKey":false,"isExternalId":false,"isSfIdLookup":false,"isNullable":true,"isUnique":false,"isCreateable":false,"isUpdateable":false,"isFilterable":true,"isCalculated":false,"showLabel":true,"naturalOrder":10,"linkedFields":["LASTVIEWEDDATE"],"relatedInfos":[],"references":[]},{"@type":"field","id":158948956,"name":"LastReferencedDate","type":"datetime","uniqueName":"LastReferencedDate","label":"Last Referenced Date","parentObject":"Book__c","pcType":"DATE","precision":24,"scale":0,"columnIndex":11,"isKey":false,"isExternalId":false,"isSfIdLookup":false,"isNullable":true,"isUnique":false,"isCreateable":false,"isUpdateable":false,"isFilterable":true,"isCalculated":false,"showLabel":true,"naturalOrder":11,"linkedFields":["LASTREFERENCEDDATE"],"relatedInfos":[],"references":[]},{"@type":"field","id":158948959,"name":"ConnectionReceivedId","type":"reference","uniqueName":"ConnectionReceivedId","label":"Received Connection ID","parentObject":"Book__c","pcType":"STRING","precision":18,"scale":0,"columnIndex":12,"isKey":false,"isExternalId":false,"isSfIdLookup":false,"isNullable":true,"isUnique":false,"isCreateable":false,"isUpdateable":false,"isFilterable":true,"isCalculated":false,"showLabel":true,"naturalOrder":12,"linkedFields":["CONNECTIONRECEIVEDID"],"relatedInfos":[{"@type":"fieldRelatedInfo","id":6694168,"referenceObject":"PartnerNetworkConnection","relationshipName":"ConnectionReceived","referenceField":{"@type":"field","id":-1,"precision":0,"scale":0,"columnIndex":-1,"isKey":false,"isExternalId":false,"isSfIdLookup":false,"isNullable":true,"isUnique":false,"isCreateable":false,"isUpdateable":true,"isFilterable":true,"isCalculated":false,"showLabel":true,"naturalOrder":0,"linkedFields":[],"relatedInfos":[],"references":[]}}],"references":[]},{"@type":"field","id":158948962,"name":"ConnectionSentId","type":"reference","uniqueName":"ConnectionSentId","label":"Sent Connection ID","parentObject":"Book__c","pcType":"STRING","precision":18,"scale":0,"columnIndex":13,"isKey":false,"isExternalId":false,"isSfIdLookup":false,"isNullable":true,"isUnique":false,"isCreateable":false,"isUpdateable":false,"isFilterable":true,"isCalculated":false,"showLabel":true,"naturalOrder":13,"linkedFields":["CONNECTIONSENTID"],"relatedInfos":[{"@type":"fieldRelatedInfo","id":6694171,"referenceObject":"PartnerNetworkConnection","relationshipName":"ConnectionSent","referenceField":{"@type":"field","id":-1,"precision":0,"scale":0,"columnIndex":-1,"isKey":false,"isExternalId":false,"isSfIdLookup":false,"isNullable":true,"isUnique":false,"isCreateable":false,"isUpdateable":true,"isFilterable":true,"isCalculated":false,"showLabel":true,"naturalOrder":0,"linkedFields":[],"relatedInfos":[],"references":[]}}],"references":[]},{"@type":"field","id":158948965,"name":"Account__c","type":"reference","uniqueName":"Account__c","label":"Account","parentObject":"Book__c","pcType":"STRING","precision":18,"scale":0,"columnIndex":14,"isKey":false,"isExternalId":false,"isSfIdLookup":false,"isNullable":true,"isUnique":false,"isCreateable":true,"isUpdateable":true,"isFilterable":true,"isCalculated":false,"showLabel":true,"naturalOrder":14,"linkedFields":["ACCOUNT__C"],"relatedInfos":[{"@type":"fieldRelatedInfo","id":6694174,"referenceObject":"Account","relationshipName":"Account__r","referenceField":{"@type":"field","id":-1,"precision":0,"scale":0,"columnIndex":-1,"isKey":false,"isExternalId":false,"isSfIdLookup":false,"isNullable":true,"isUnique":false,"isCreateable":false,"isUpdateable":true,"isFilterable":true,"isCalculated":false,"showLabel":true,"naturalOrder":0,"linkedFields":[],"relatedInfos":[],"references":[]}}],"references":[]},{"@type":"field","id":158948968,"name":"Price__c","type":"double","uniqueName":"Price__c","label":"Price","parentObject":"Book__c","pcType":"HIPRECDECIMAL","precision":18,"scale":2,"columnIndex":15,"isKey":false,"isExternalId":false,"isSfIdLookup":false,"isNullable":true,"isUnique":false,"isCreateable":true,"isUpdateable":true,"isFilterable":true,"isCalculated":false,"showLabel":true,"naturalOrder":15,"linkedFields":["PRICE__C"],"relatedInfos":[],"references":[]},{"@type":"field","id":158948971,"name":"BookID__c","type":"string","uniqueName":"BookID__c","label":"BookID","parentObject":"Book__c","pcType":"STRING","precision":50,"scale":0,"columnIndex":16,"isKey":false,"isExternalId":false,"isSfIdLookup":false,"isNullable":true,"isUnique":false,"isCreateable":true,"isUpdateable":true,"isFilterable":true,"isCalculated":false,"showLabel":true,"naturalOrder":16,"linkedFields":["BOOKID__C"],"relatedInfos":[],"references":[]},{"@type":"field","id":158948974,"name":"Amount__c","type":"string","uniqueName":"Amount__c","label":"Amount","parentObject":"Book__c","pcType":"STRING","precision":1300,"scale":0,"columnIndex":17,"isKey":false,"isExternalId":false,"isSfIdLookup":false,"isNullable":true,"isUnique":false,"isCreateable":false,"isUpdateable":false,"isFilterable":true,"isCalculated":false,"showLabel":true,"naturalOrder":17,"linkedFields":["AMOUNT__C"],"relatedInfos":[],"references":[]},{"@type":"field","id":158948977,"name":"Id","type":"id","uniqueName":"Id2","label":"Account ID","parentObject":"Book__c.Account__r","pcType":"STRING","precision":18,"scale":0,"columnIndex":0,"isKey":true,"isExternalId":false,"isSfIdLookup":true,"isNullable":false,"isUnique":false,"isCreateable":false,"isUpdateable":false,"isFilterable":true,"isCalculated":false,"showLabel":true,"naturalOrder":0,"linkedFields":[],"relatedInfos":[],"references":[]},{"@type":"field","id":158948980,"name":"IsDeleted","type":"boolean","uniqueName":"IsDeleted2","label":"Deleted","parentObject":"Book__c.Account__r","pcType":"INT","precision":10,"scale":0,"columnIndex":1,"isKey":false,"isExternalId":false,"isSfIdLookup":false,"isNullable":false,"isUnique":false,"isCreateable":false,"isUpdateable":false,"isFilterable":true,"isCalculated":false,"showLabel":true,"naturalOrder":1,"linkedFields":[],"relatedInfos":[],"references":[]},{"@type":"field","id":158948983,"name":"MasterRecordId","type":"reference","uniqueName":"MasterRecordId","label":"Master Record ID","parentObject":"Book__c.Account__r","pcType":"STRING","precision":18,"scale":0,"columnIndex":2,"isKey":false,"isExternalId":false,"isSfIdLookup":false,"isNullable":true,"isUnique":false,"isCreateable":false,"isUpdateable":false,"isFilterable":true,"isCalculated":false,"showLabel":true,"naturalOrder":2,"linkedFields":[],"relatedInfos":[{"@type":"fieldRelatedInfo","id":6694177,"referenceObject":"Account","relationshipName":"MasterRecord","referenceField":{"@type":"field","id":-1,"precision":0,"scale":0,"columnIndex":-1,"isKey":false,"isExternalId":false,"isSfIdLookup":false,"isNullable":true,"isUnique":false,"isCreateable":false,"isUpdateable":true,"isFilterable":true,"isCalculated":false,"showLabel":true,"naturalOrder":0,"linkedFields":[],"relatedInfos":[],"references":[]}}],"references":[]},{"@type":"field","id":158948986,"name":"Name","type":"string","uniqueName":"Name2","label":"Account Name","parentObject":"Book__c.Account__r","pcType":"STRING","precision":255,"scale":0,"columnIndex":3,"isKey":false,"isExternalId":false,"isSfIdLookup":false,"isNullable":false,"isUnique":false,"isCreateable":true,"isUpdateable":true,"isFilterable":true,"isCalculated":false,"showLabel":true,"naturalOrder":3,"linkedFields":[],"relatedInfos":[],"references":[]},{"@type":"field","id":158948989,"name":"Type","type":"picklist","uniqueName":"Type","label":"Account Type","parentObject":"Book__c.Account__r","pcType":"STRING","precision":40,"scale":0,"columnIndex":4,"isKey":false,"isExternalId":false,"isSfIdLookup":false,"isNullable":true,"isUnique":false,"isCreateable":true,"isUpdateable":true,"isFilterable":true,"isCalculated":false,"showLabel":true,"naturalOrder":4,"linkedFields":[],"relatedInfos":[],"references":[]},{"@type":"field","id":158948992,"name":"RecordTypeId","type":"reference","uniqueName":"RecordTypeId","label":"Record Type ID","parentObject":"Book__c.Account__r","pcType":"STRING","precision":18,"scale":0,"columnIndex":5,"isKey":false,"isExternalId":false,"isSfIdLookup":false,"isNullable":true,"isUnique":false,"isCreateable":true,"isUpdateable":true,"isFilterable":true,"isCalculated":false,"showLabel":true,"naturalOrder":5,"linkedFields":[],"relatedInfos":[{"@type":"fieldRelatedInfo","id":6694180,"referenceObject":"RecordType","relationshipName":"RecordType","referenceField":{"@type":"field","id":-1,"precision":0,"scale":0,"columnIndex":-1,"isKey":false,"isExternalId":false,"isSfIdLookup":false,"isNullable":true,"isUnique":false,"isCreateable":false,"isUpdateable":true,"isFilterable":true,"isCalculated":false,"showLabel":true,"naturalOrder":0,"linkedFields":[],"relatedInfos":[],"references":[]}}],"references":[]},{"@type":"field","id":158948995,"name":"ParentId","type":"reference","uniqueName":"ParentId","label":"Parent Account ID","parentObject":"Book__c.Account__r","pcType":"STRING","precision":18,"scale":0,"columnIndex":6,"isKey":false,"isExternalId":false,"isSfIdLookup":false,"isNullable":true,"isUnique":false,"isCreateable":true,"isUpdateable":true,"isFilterable":true,"isCalculated":false,"showLabel":true,"naturalOrder":6,"linkedFields":[],"relatedInfos":[{"@type":"fieldRelatedInfo","id":6694183,"referenceObject":"Account","relationshipName":"Parent","referenceField":{"@type":"field","id":-1,"precision":0,"scale":0,"columnIndex":-1,"isKey":false,"isExternalId":false,"isSfIdLookup":false,"isNullable":true,"isUnique":false,"isCreateable":false,"isUpdateable":true,"isFilterable":true,"isCalculated":false,"showLabel":true,"naturalOrder":0,"linkedFields":[],"relatedInfos":[],"references":[]}}],"references":[]},{"@type":"field","id":158948998,"name":"BillingStreet","type":"textarea","uniqueName":"BillingStreet","label":"Billing Street","parentObject":"Book__c.Account__r","pcType":"STRING","precision":255,"scale":0,"columnIndex":7,"isKey":false,"isExternalId":false,"isSfIdLookup":false,"isNullable":true,"isUnique":false,"isCreateable":true,"isUpdateable":true,"isFilterable":true,"isCalculated":false,"showLabel":true,"naturalOrder":7,"linkedFields":[],"relatedInfos":[],"references":[]},{"@type":"field","id":158949001,"name":"BillingCity","type":"string","uniqueName":"BillingCity","label":"Billing City","parentObject":"Book__c.Account__r","pcType":"STRING","precision":40,"scale":0,"columnIndex":8,"isKey":false,"isExternalId":false,"isSfIdLookup":false,"isNullable":true,"isUnique":false,"isCreateable":true,"isUpdateable":true,"isFilterable":true,"isCalculated":false,"showLabel":true,"naturalOrder":8,"linkedFields":[],"relatedInfos":[],"references":[]},{"@type":"field","id":158949004,"name":"BillingState","type":"string","uniqueName":"BillingState","label":"Billing State/Province","parentObject":"Book__c.Account__r","pcType":"STRING","precision":80,"scale":0,"columnIndex":9,"isKey":false,"isExternalId":false,"isSfIdLookup":false,"isNullable":true,"isUnique":false,"isCreateable":true,"isUpdateable":true,"isFilterable":true,"isCalculated":false,"showLabel":true,"naturalOrder":9,"linkedFields":[],"relatedInfos":[],"references":[]},{"@type":"field","id":158949007,"name":"BillingPostalCode","type":"string","uniqueName":"BillingPostalCode","label":"Billing Zip/Postal Code","parentObject":"Book__c.Account__r","pcType":"STRING","precision":20,"scale":0,"columnIndex":10,"isKey":false,"isExternalId":false,"isSfIdLookup":false,"isNullable":true,"isUnique":false,"isCreateable":true,"isUpdateable":true,"isFilterable":true,"isCalculated":false,"showLabel":true,"naturalOrder":10,"linkedFields":[],"relatedInfos":[],"references":[]},{"@type":"field","id":158949010,"name":"BillingCountry","type":"string","uniqueName":"BillingCountry","label":"Billing Country","parentObject":"Book__c.Account__r","pcType":"STRING","precision":80,"scale":0,"columnIndex":11,"isKey":false,"isExternalId":false,"isSfIdLookup":false,"isNullable":true,"isUnique":false,"isCreateable":true,"isUpdateable":true,"isFilterable":true,"isCalculated":false,"showLabel":true,"naturalOrder":11,"linkedFields":[],"relatedInfos":[],"references":[]},{"@type":"field","id":158949013,"name":"BillingLatitude","type":"double","uniqueName":"BillingLatitude","label":"Billing Latitude","parentObject":"Book__c.Account__r","pcType":"HIPRECDECIMAL","precision":18,"scale":15,"columnIndex":12,"isKey":false,"isExternalId":false,"isSfIdLookup":false,"isNullable":true,"isUnique":false,"isCreateable":true,"isUpdateable":true,"isFilterable":true,"isCalculated":false,"showLabel":true,"naturalOrder":12,"linkedFields":[],"relatedInfos":[],"references":[]},{"@type":"field","id":158949016,"name":"BillingLongitude","type":"double","uniqueName":"BillingLongitude","label":"Billing Longitude","parentObject":"Book__c.Account__r","pcType":"HIPRECDECIMAL","precision":18,"scale":15,"columnIndex":13,"isKey":false,"isExternalId":false,"isSfIdLookup":false,"isNullable":true,"isUnique":false,"isCreateable":true,"isUpdateable":true,"isFilterable":true,"isCalculated":false,"showLabel":true,"naturalOrder":13,"linkedFields":[],"relatedInfos":[],"references":[]},{"@type":"field","id":158949019,"name":"ShippingStreet","type":"textarea","uniqueName":"ShippingStreet","label":"Shipping Street","parentObject":"Book__c.Account__r","pcType":"STRING","precision":255,"scale":0,"columnIndex":14,"isKey":false,"isExternalId":false,"isSfIdLookup":false,"isNullable":true,"isUnique":false,"isCreateable":true,"isUpdateable":true,"isFilterable":true,"isCalculated":false,"showLabel":true,"naturalOrder":14,"linkedFields":[],"relatedInfos":[],"references":[]},{"@type":"field","id":158949022,"name":"ShippingCity","type":"string","uniqueName":"ShippingCity","label":"Shipping City","parentObject":"Book__c.Account__r","pcType":"STRING","precision":40,"scale":0,"columnIndex":15,"isKey":false,"isExternalId":false,"isSfIdLookup":false,"isNullable":true,"isUnique":false,"isCreateable":true,"isUpdateable":true,"isFilterable":true,"isCalculated":false,"showLabel":true,"naturalOrder":15,"linkedFields":[],"relatedInfos":[],"references":[]},{"@type":"field","id":158949025,"name":"ShippingState","type":"string","uniqueName":"ShippingState","label":"Shipping State/Province","parentObject":"Book__c.Account__r","pcType":"STRING","precision":80,"scale":0,"columnIndex":16,"isKey":false,"isExternalId":false,"isSfIdLookup":false,"isNullable":true,"isUnique":false,"isCreateable":true,"isUpdateable":true,"isFilterable":true,"isCalculated":false,"showLabel":true,"naturalOrder":16,"linkedFields":[],"relatedInfos":[],"references":[]},{"@type":"field","id":158949028,"name":"ShippingPostalCode","type":"string","uniqueName":"ShippingPostalCode","label":"Shipping Zip/Postal Code","parentObject":"Book__c.Account__r","pcType":"STRING","precision":20,"scale":0,"columnIndex":17,"isKey":false,"isExternalId":false,"isSfIdLookup":false,"isNullable":true,"isUnique":false,"isCreateable":true,"isUpdateable":true,"isFilterable":true,"isCalculated":false,"showLabel":true,"naturalOrder":17,"linkedFields":[],"relatedInfos":[],"references":[]},{"@type":"field","id":158949031,"name":"ShippingCountry","type":"string","uniqueName":"ShippingCountry","label":"Shipping Country","parentObject":"Book__c.Account__r","pcType":"STRING","precision":80,"scale":0,"columnIndex":18,"isKey":false,"isExternalId":false,"isSfIdLookup":false,"isNullable":true,"isUnique":false,"isCreateable":true,"isUpdateable":true,"isFilterable":true,"isCalculated":false,"showLabel":true,"naturalOrder":18,"linkedFields":[],"relatedInfos":[],"references":[]},{"@type":"field","id":158949034,"name":"ShippingLatitude","type":"double","uniqueName":"ShippingLatitude","label":"Shipping Latitude","parentObject":"Book__c.Account__r","pcType":"HIPRECDECIMAL","precision":18,"scale":15,"columnIndex":19,"isKey":false,"isExternalId":false,"isSfIdLookup":false,"isNullable":true,"isUnique":false,"isCreateable":true,"isUpdateable":true,"isFilterable":true,"isCalculated":false,"showLabel":true,"naturalOrder":19,"linkedFields":[],"relatedInfos":[],"references":[]},{"@type":"field","id":158949037,"name":"ShippingLongitude","type":"double","uniqueName":"ShippingLongitude","label":"Shipping Longitude","parentObject":"Book__c.Account__r","pcType":"HIPRECDECIMAL","precision":18,"scale":15,"columnIndex":20,"isKey":false,"isExternalId":false,"isSfIdLookup":false,"isNullable":true,"isUnique":false,"isCreateable":true,"isUpdateable":true,"isFilterable":true,"isCalculated":false,"showLabel":true,"naturalOrder":20,"linkedFields":[],"relatedInfos":[],"references":[]},{"@type":"field","id":158949040,"name":"Phone","type":"phone","uniqueName":"Phone","label":"Account Phone","parentObject":"Book__c.Account__r","pcType":"STRING","precision":40,"scale":0,"columnIndex":21,"isKey":false,"isExternalId":false,"isSfIdLookup":false,"isNullable":true,"isUnique":false,"isCreateable":true,"isUpdateable":true,"isFilterable":true,"isCalculated":false,"showLabel":true,"naturalOrder":21,"linkedFields":[],"relatedInfos":[],"references":[]},{"@type":"field","id":158949043,"name":"Fax","type":"phone","uniqueName":"Fax","label":"Account Fax","parentObject":"Book__c.Account__r","pcType":"STRING","precision":40,"scale":0,"columnIndex":22,"isKey":false,"isExternalId":false,"isSfIdLookup":false,"isNullable":true,"isUnique":false,"isCreateable":true,"isUpdateable":true,"isFilterable":true,"isCalculated":false,"showLabel":true,"naturalOrder":22,"linkedFields":[],"relatedInfos":[],"references":[]},{"@type":"field","id":158949046,"name":"AccountNumber","type":"string","uniqueName":"AccountNumber","label":"Account Number","parentObject":"Book__c.Account__r","pcType":"STRING","precision":40,"scale":0,"columnIndex":23,"isKey":false,"isExternalId":false,"isSfIdLookup":false,"isNullable":true,"isUnique":false,"isCreateable":true,"isUpdateable":true,"isFilterable":true,"isCalculated":false,"showLabel":true,"naturalOrder":23,"linkedFields":[],"relatedInfos":[],"references":[]},{"@type":"field","id":158949049,"name":"Website","type":"url","uniqueName":"Website","label":"Website","parentObject":"Book__c.Account__r","pcType":"STRING","precision":255,"scale":0,"columnIndex":24,"isKey":false,"isExternalId":false,"isSfIdLookup":false,"isNullable":true,"isUnique":false,"isCreateable":true,"isUpdateable":true,"isFilterable":true,"isCalculated":false,"showLabel":true,"naturalOrder":24,"linkedFields":[],"relatedInfos":[],"references":[]},{"@type":"field","id":158949052,"name":"PhotoUrl","type":"url","uniqueName":"PhotoUrl","label":"Photo URL","parentObject":"Book__c.Account__r","pcType":"STRING","precision":255,"scale":0,"columnIndex":25,"isKey":false,"isExternalId":false,"isSfIdLookup":false,"isNullable":true,"isUnique":false,"isCreateable":false,"isUpdateable":false,"isFilterable":true,"isCalculated":false,"showLabel":true,"naturalOrder":25,"linkedFields":[],"relatedInfos":[],"references":[]},{"@type":"field","id":158949055,"name":"Sic","type":"string","uniqueName":"Sic","label":"SIC Code","parentObject":"Book__c.Account__r","pcType":"STRING","precision":20,"scale":0,"columnIndex":26,"isKey":false,"isExternalId":false,"isSfIdLookup":false,"isNullable":true,"isUnique":false,"isCreateable":true,"isUpdateable":true,"isFilterable":true,"isCalculated":false,"showLabel":true,"naturalOrder":26,"linkedFields":[],"relatedInfos":[],"references":[]},{"@type":"field","id":158949058,"name":"Industry","type":"picklist","uniqueName":"Industry","label":"Industry","parentObject":"Book__c.Account__r","pcType":"STRING","precision":40,"scale":0,"columnIndex":27,"isKey":false,"isExternalId":false,"isSfIdLookup":false,"isNullable":true,"isUnique":false,"isCreateable":true,"isUpdateable":true,"isFilterable":true,"isCalculated":false,"showLabel":true,"naturalOrder":27,"linkedFields":[],"relatedInfos":[],"references":[]},{"@type":"field","id":158949061,"name":"AnnualRevenue","type":"currency","uniqueName":"AnnualRevenue","label":"Annual Revenue","parentObject":"Book__c.Account__r","pcType":"HIPRECDECIMAL","precision":18,"scale":0,"columnIndex":28,"isKey":false,"isExternalId":false,"isSfIdLookup":false,"isNullable":true,"isUnique":false,"isCreateable":true,"isUpdateable":true,"isFilterable":true,"isCalculated":false,"showLabel":true,"naturalOrder":28,"linkedFields":[],"relatedInfos":[],"references":[]},{"@type":"field","id":158949064,"name":"NumberOfEmployees","type":"int","uniqueName":"NumberOfEmployees","label":"Employees","parentObject":"Book__c.Account__r","pcType":"INT","precision":10,"scale":0,"columnIndex":29,"isKey":false,"isExternalId":false,"isSfIdLookup":false,"isNullable":true,"isUnique":false,"isCreateable":true,"isUpdateable":true,"isFilterable":true,"isCalculated":false,"showLabel":true,"naturalOrder":29,"linkedFields":[],"relatedInfos":[],"references":[]},{"@type":"field","id":158949067,"name":"Ownership","type":"picklist","uniqueName":"Ownership","label":"Ownership","parentObject":"Book__c.Account__r","pcType":"STRING","precision":40,"scale":0,"columnIndex":30,"isKey":false,"isExternalId":false,"isSfIdLookup":false,"isNullable":true,"isUnique":false,"isCreateable":true,"isUpdateable":true,"isFilterable":true,"isCalculated":false,"showLabel":true,"naturalOrder":30,"linkedFields":[],"relatedInfos":[],"references":[]},{"@type":"field","id":158949070,"name":"TickerSymbol","type":"string","uniqueName":"TickerSymbol","label":"Ticker Symbol","parentObject":"Book__c.Account__r","pcType":"STRING","precision":20,"scale":0,"columnIndex":31,"isKey":false,"isExternalId":false,"isSfIdLookup":false,"isNullable":true,"isUnique":false,"isCreateable":true,"isUpdateable":true,"isFilterable":true,"isCalculated":false,"showLabel":true,"naturalOrder":31,"linkedFields":[],"relatedInfos":[],"references":[]},{"@type":"field","id":158949073,"name":"Description","type":"textarea","uniqueName":"Description","label":"Account Description","parentObject":"Book__c.Account__r","pcType":"STRING","precision":32000,"scale":0,"columnIndex":32,"isKey":false,"isExternalId":false,"isSfIdLookup":false,"isNullable":true,"isUnique":false,"isCreateable":true,"isUpdateable":true,"isFilterable":false,"isCalculated":false,"showLabel":true,"naturalOrder":32,"linkedFields":[],"relatedInfos":[],"references":[]},{"@type":"field","id":158949076,"name":"Rating","type":"picklist","uniqueName":"Rating","label":"Account Rating","parentObject":"Book__c.Account__r","pcType":"STRING","precision":40,"scale":0,"columnIndex":33,"isKey":false,"isExternalId":false,"isSfIdLookup":false,"isNullable":true,"isUnique":false,"isCreateable":true,"isUpdateable":true,"isFilterable":true,"isCalculated":false,"showLabel":true,"naturalOrder":33,"linkedFields":[],"relatedInfos":[],"references":[]},{"@type":"field","id":158949079,"name":"Site","type":"string","uniqueName":"Site","label":"Account Site","parentObject":"Book__c.Account__r","pcType":"STRING","precision":80,"scale":0,"columnIndex":34,"isKey":false,"isExternalId":false,"isSfIdLookup":false,"isNullable":true,"isUnique":false,"isCreateable":true,"isUpdateable":true,"isFilterable":true,"isCalculated":false,"showLabel":true,"naturalOrder":34,"linkedFields":[],"relatedInfos":[],"references":[]},{"@type":"field","id":158949082,"name":"CurrencyIsoCode","type":"picklist","uniqueName":"CurrencyIsoCode2","label":"Account Currency","parentObject":"Book__c.Account__r","pcType":"STRING","precision":3,"scale":0,"columnIndex":35,"isKey":false,"isExternalId":false,"isSfIdLookup":false,"isNullable":true,"isUnique":false,"isCreateable":true,"isUpdateable":true,"isFilterable":true,"isCalculated":false,"showLabel":true,"naturalOrder":35,"linkedFields":[],"relatedInfos":[],"references":[]},{"@type":"field","id":158949085,"name":"OwnerId","type":"reference","uniqueName":"OwnerId2","label":"Owner ID","parentObject":"Book__c.Account__r","pcType":"STRING","precision":18,"scale":0,"columnIndex":36,"isKey":false,"isExternalId":false,"isSfIdLookup":false,"isNullable":false,"isUnique":false,"isCreateable":true,"isUpdateable":true,"isFilterable":true,"isCalculated":false,"showLabel":true,"naturalOrder":36,"linkedFields":[],"relatedInfos":[{"@type":"fieldRelatedInfo","id":6694186,"referenceObject":"User","relationshipName":"Owner","referenceField":{"@type":"field","id":-1,"precision":0,"scale":0,"columnIndex":-1,"isKey":false,"isExternalId":false,"isSfIdLookup":false,"isNullable":true,"isUnique":false,"isCreateable":false,"isUpdateable":true,"isFilterable":true,"isCalculated":false,"showLabel":true,"naturalOrder":0,"linkedFields":[],"relatedInfos":[],"references":[]}}],"references":[]},{"@type":"field","id":158949088,"name":"CreatedDate","type":"datetime","uniqueName":"CreatedDate2","label":"Created Date","parentObject":"Book__c.Account__r","pcType":"DATE","precision":24,"scale":0,"columnIndex":37,"isKey":false,"isExternalId":false,"isSfIdLookup":false,"isNullable":false,"isUnique":false,"isCreateable":false,"isUpdateable":false,"isFilterable":true,"isCalculated":false,"showLabel":true,"naturalOrder":37,"linkedFields":[],"relatedInfos":[],"references":[]},{"@type":"field","id":158949091,"name":"CreatedById","type":"reference","uniqueName":"CreatedById2","label":"Created By ID","parentObject":"Book__c.Account__r","pcType":"STRING","precision":18,"scale":0,"columnIndex":38,"isKey":false,"isExternalId":false,"isSfIdLookup":false,"isNullable":false,"isUnique":false,"isCreateable":false,"isUpdateable":false,"isFilterable":true,"isCalculated":false,"showLabel":true,"naturalOrder":38,"linkedFields":[],"relatedInfos":[{"@type":"fieldRelatedInfo","id":6694189,"referenceObject":"User","relationshipName":"CreatedBy","referenceField":{"@type":"field","id":-1,"precision":0,"scale":0,"columnIndex":-1,"isKey":false,"isExternalId":false,"isSfIdLookup":false,"isNullable":true,"isUnique":false,"isCreateable":false,"isUpdateable":true,"isFilterable":true,"isCalculated":false,"showLabel":true,"naturalOrder":0,"linkedFields":[],"relatedInfos":[],"references":[]}}],"references":[]},{"@type":"field","id":158949094,"name":"LastModifiedDate","type":"datetime","uniqueName":"LastModifiedDate2","label":"Last Modified Date","parentObject":"Book__c.Account__r","pcType":"DATE","precision":24,"scale":0,"columnIndex":39,"isKey":false,"isExternalId":false,"isSfIdLookup":false,"isNullable":false,"isUnique":false,"isCreateable":false,"isUpdateable":false,"isFilterable":true,"isCalculated":false,"showLabel":true,"naturalOrder":39,"linkedFields":[],"relatedInfos":[],"references":[]},{"@type":"field","id":158949097,"name":"LastModifiedById","type":"reference","uniqueName":"LastModifiedById2","label":"Last Modified By ID","parentObject":"Book__c.Account__r","pcType":"STRING","precision":18,"scale":0,"columnIndex":40,"isKey":false,"isExternalId":false,"isSfIdLookup":false,"isNullable":false,"isUnique":false,"isCreateable":false,"isUpdateable":false,"isFilterable":true,"isCalculated":false,"showLabel":true,"naturalOrder":40,"linkedFields":[],"relatedInfos":[{"@type":"fieldRelatedInfo","id":6694192,"referenceObject":"User","relationshipName":"LastModifiedBy","referenceField":{"@type":"field","id":-1,"precision":0,"scale":0,"columnIndex":-1,"isKey":false,"isExternalId":false,"isSfIdLookup":false,"isNullable":true,"isUnique":false,"isCreateable":false,"isUpdateable":true,"isFilterable":true,"isCalculated":false,"showLabel":true,"naturalOrder":0,"linkedFields":[],"relatedInfos":[],"references":[]}}],"references":[]},{"@type":"field","id":158949100,"name":"SystemModstamp","type":"datetime","uniqueName":"SystemModstamp2","label":"System Modstamp","parentObject":"Book__c.Account__r","pcType":"DATE","precision":24,"scale":0,"columnIndex":41,"isKey":false,"isExternalId":false,"isSfIdLookup":false,"isNullable":false,"isUnique":false,"isCreateable":false,"isUpdateable":false,"isFilterable":true,"isCalculated":false,"showLabel":true,"naturalOrder":41,"linkedFields":[],"relatedInfos":[],"references":[]},{"@type":"field","id":158949103,"name":"LastActivityDate","type":"date","uniqueName":"LastActivityDate","label":"Last Activity","parentObject":"Book__c.Account__r","pcType":"DATE","precision":10,"scale":0,"columnIndex":42,"isKey":false,"isExternalId":false,"isSfIdLookup":false,"isNullable":true,"isUnique":false,"isCreateable":false,"isUpdateable":false,"isFilterable":true,"isCalculated":false,"showLabel":true,"naturalOrder":42,"linkedFields":[],"relatedInfos":[],"references":[]},{"@type":"field","id":158949106,"name":"LastViewedDate","type":"datetime","uniqueName":"LastViewedDate2","label":"Last Viewed Date","parentObject":"Book__c.Account__r","pcType":"DATE","precision":24,"scale":0,"columnIndex":43,"isKey":false,"isExternalId":false,"isSfIdLookup":false,"isNullable":true,"isUnique":false,"isCreateable":false,"isUpdateable":false,"isFilterable":true,"isCalculated":false,"showLabel":true,"naturalOrder":43,"linkedFields":[],"relatedInfos":[],"references":[]},{"@type":"field","id":158949109,"name":"LastReferencedDate","type":"datetime","uniqueName":"LastReferencedDate2","label":"Last Referenced Date","parentObject":"Book__c.Account__r","pcType":"DATE","precision":24,"scale":0,"columnIndex":44,"isKey":false,"isExternalId":false,"isSfIdLookup":false,"isNullable":true,"isUnique":false,"isCreateable":false,"isUpdateable":false,"isFilterable":true,"isCalculated":false,"showLabel":true,"naturalOrder":44,"linkedFields":[],"relatedInfos":[],"references":[]},{"@type":"field","id":158949112,"name":"Jigsaw","type":"string","uniqueName":"Jigsaw","label":"Data.com Key","parentObject":"Book__c.Account__r","pcType":"STRING","precision":20,"scale":0,"columnIndex":45,"isKey":false,"isExternalId":false,"isSfIdLookup":false,"isNullable":true,"isUnique":false,"isCreateable":true,"isUpdateable":true,"isFilterable":true,"isCalculated":false,"showLabel":true,"naturalOrder":45,"linkedFields":[],"relatedInfos":[],"references":[]},{"@type":"field","id":158949115,"name":"JigsawCompanyId","type":"string","uniqueName":"JigsawCompanyId","label":"Jigsaw Company ID","parentObject":"Book__c.Account__r","pcType":"STRING","precision":20,"scale":0,"columnIndex":46,"isKey":false,"isExternalId":false,"isSfIdLookup":false,"isNullable":true,"isUnique":false,"isCreateable":false,"isUpdateable":false,"isFilterable":true,"isCalculated":false,"showLabel":true,"naturalOrder":46,"linkedFields":[],"relatedInfos":[],"references":[]},{"@type":"field","id":158949118,"name":"AccountSource","type":"picklist","uniqueName":"AccountSource","label":"Account Source","parentObject":"Book__c.Account__r","pcType":"STRING","precision":40,"scale":0,"columnIndex":47,"isKey":false,"isExternalId":false,"isSfIdLookup":false,"isNullable":true,"isUnique":false,"isCreateable":true,"isUpdateable":true,"isFilterable":true,"isCalculated":false,"showLabel":true,"naturalOrder":47,"linkedFields":[],"relatedInfos":[],"references":[]},{"@type":"field","id":158949121,"name":"SicDesc","type":"string","uniqueName":"SicDesc","label":"SIC Description","parentObject":"Book__c.Account__r","pcType":"STRING","precision":80,"scale":0,"columnIndex":48,"isKey":false,"isExternalId":false,"isSfIdLookup":false,"isNullable":true,"isUnique":false,"isCreateable":true,"isUpdateable":true,"isFilterable":true,"isCalculated":false,"showLabel":true,"naturalOrder":48,"linkedFields":[],"relatedInfos":[],"references":[]},{"@type":"field","id":158949124,"name":"ConnectionReceivedId","type":"reference","uniqueName":"ConnectionReceivedId2","label":"Received Connection ID","parentObject":"Book__c.Account__r","pcType":"STRING","precision":18,"scale":0,"columnIndex":49,"isKey":false,"isExternalId":false,"isSfIdLookup":false,"isNullable":true,"isUnique":false,"isCreateable":false,"isUpdateable":false,"isFilterable":true,"isCalculated":false,"showLabel":true,"naturalOrder":49,"linkedFields":[],"relatedInfos":[{"@type":"fieldRelatedInfo","id":6694195,"referenceObject":"PartnerNetworkConnection","relationshipName":"ConnectionReceived","referenceField":{"@type":"field","id":-1,"precision":0,"scale":0,"columnIndex":-1,"isKey":false,"isExternalId":false,"isSfIdLookup":false,"isNullable":true,"isUnique":false,"isCreateable":false,"isUpdateable":true,"isFilterable":true,"isCalculated":false,"showLabel":true,"naturalOrder":0,"linkedFields":[],"relatedInfos":[],"references":[]}}],"references":[]},{"@type":"field","id":158949127,"name":"ConnectionSentId","type":"reference","uniqueName":"ConnectionSentId2","label":"Sent Connection ID","parentObject":"Book__c.Account__r","pcType":"STRING","precision":18,"scale":0,"columnIndex":50,"isKey":false,"isExternalId":false,"isSfIdLookup":false,"isNullable":true,"isUnique":false,"isCreateable":false,"isUpdateable":false,"isFilterable":true,"isCalculated":false,"showLabel":true,"naturalOrder":50,"linkedFields":[],"relatedInfos":[{"@type":"fieldRelatedInfo","id":6694198,"referenceObject":"PartnerNetworkConnection","relationshipName":"ConnectionSent","referenceField":{"@type":"field","id":-1,"precision":0,"scale":0,"columnIndex":-1,"isKey":false,"isExternalId":false,"isSfIdLookup":false,"isNullable":true,"isUnique":false,"isCreateable":false,"isUpdateable":true,"isFilterable":true,"isCalculated":false,"showLabel":true,"naturalOrder":0,"linkedFields":[],"relatedInfos":[],"references":[]}}],"references":[]},{"@type":"field","id":158949130,"name":"CustomerPriority__c","type":"picklist","uniqueName":"CustomerPriority__c","label":"Customer Priority","parentObject":"Book__c.Account__r","pcType":"STRING","precision":255,"scale":0,"columnIndex":51,"isKey":false,"isExternalId":false,"isSfIdLookup":false,"isNullable":true,"isUnique":false,"isCreateable":true,"isUpdateable":true,"isFilterable":true,"isCalculated":false,"showLabel":true,"naturalOrder":51,"linkedFields":[],"relatedInfos":[],"references":[]},{"@type":"field","id":158949133,"name":"SLA__c","type":"picklist","uniqueName":"SLA__c","label":"SLA","parentObject":"Book__c.Account__r","pcType":"STRING","precision":255,"scale":0,"columnIndex":52,"isKey":false,"isExternalId":false,"isSfIdLookup":false,"isNullable":true,"isUnique":false,"isCreateable":true,"isUpdateable":true,"isFilterable":true,"isCalculated":false,"showLabel":true,"naturalOrder":52,"linkedFields":[],"relatedInfos":[],"references":[]},{"@type":"field","id":158949136,"name":"Active__c","type":"picklist","uniqueName":"Active__c","label":"Active","parentObject":"Book__c.Account__r","pcType":"STRING","precision":255,"scale":0,"columnIndex":53,"isKey":false,"isExternalId":false,"isSfIdLookup":false,"isNullable":true,"isUnique":false,"isCreateable":true,"isUpdateable":true,"isFilterable":true,"isCalculated":false,"showLabel":true,"naturalOrder":53,"linkedFields":[],"relatedInfos":[],"references":[]},{"@type":"field","id":158949139,"name":"Honda__c","type":"double","uniqueName":"Honda__c","label":"Honda","parentObject":"Book__c.Account__r","pcType":"HIPRECDECIMAL","precision":12,"scale":2,"columnIndex":54,"isKey":false,"isExternalId":false,"isSfIdLookup":false,"isNullable":true,"isUnique":false,"isCreateable":true,"isUpdateable":true,"isFilterable":true,"isCalculated":false,"showLabel":true,"naturalOrder":54,"linkedFields":[],"relatedInfos":[],"references":[]},{"@type":"field","id":158949142,"name":"UpsellOpportunity__c","type":"picklist","uniqueName":"UpsellOpportunity__c","label":"Upsell Opportunity","parentObject":"Book__c.Account__r","pcType":"STRING","precision":255,"scale":0,"columnIndex":55,"isKey":false,"isExternalId":false,"isSfIdLookup":false,"isNullable":true,"isUnique":false,"isCreateable":true,"isUpdateable":true,"isFilterable":true,"isCalculated":false,"showLabel":true,"naturalOrder":55,"linkedFields":[],"relatedInfos":[],"references":[]},{"@type":"field","id":158949145,"name":"Brocade__c","type":"string","uniqueName":"Brocade__c","label":"Brocade","parentObject":"Book__c.Account__r","pcType":"STRING","precision":25,"scale":0,"columnIndex":56,"isKey":false,"isExternalId":false,"isSfIdLookup":false,"isNullable":true,"isUnique":false,"isCreateable":true,"isUpdateable":true,"isFilterable":true,"isCalculated":false,"showLabel":true,"naturalOrder":56,"linkedFields":[],"relatedInfos":[],"references":[]},{"@type":"field","id":158949148,"name":"Account_External_ID__c","type":"string","uniqueName":"Account_External_ID__c","label":"Account External ID","parentObject":"Book__c.Account__r","pcType":"STRING","precision":50,"scale":0,"columnIndex":57,"isKey":false,"isExternalId":true,"isSfIdLookup":true,"isNullable":true,"isUnique":false,"isCreateable":true,"isUpdateable":true,"isFilterable":true,"isCalculated":false,"showLabel":true,"naturalOrder":57,"linkedFields":[],"relatedInfos":[],"references":[]},{"@type":"field","id":158949151,"name":"DMASK_EXTERNAL_ID__c","type":"string","uniqueName":"DMASK_EXTERNAL_ID__c","label":"DMASK_EXTERNAL_ID","parentObject":"Book__c.Account__r","pcType":"STRING","precision":18,"scale":0,"columnIndex":58,"isKey":false,"isExternalId":true,"isSfIdLookup":true,"isNullable":true,"isUnique":false,"isCreateable":true,"isUpdateable":true,"isFilterable":true,"isCalculated":false,"showLabel":true,"naturalOrder":58,"linkedFields":[],"relatedInfos":[],"references":[]},{"@type":"field","id":158949154,"name":"AccBook__c","type":"string","uniqueName":"AccBook__c","label":"AccBook","parentObject":"Book__c.Account__r","pcType":"STRING","precision":50,"scale":0,"columnIndex":59,"isKey":false,"isExternalId":false,"isSfIdLookup":false,"isNullable":true,"isUnique":false,"isCreateable":true,"isUpdateable":true,"isFilterable":true,"isCalculated":false,"showLabel":true,"naturalOrder":59,"linkedFields":[],"relatedInfos":[],"references":[]},{"@type":"field","id":158949157,"name":"Responsecode__c","type":"string","uniqueName":"Responsecode__c","label":"Responsecode","parentObject":"Book__c.Account__r","pcType":"STRING","precision":10,"scale":0,"columnIndex":60,"isKey":false,"isExternalId":false,"isSfIdLookup":false,"isNullable":true,"isUnique":false,"isCreateable":true,"isUpdateable":true,"isFilterable":true,"isCalculated":false,"showLabel":true,"naturalOrder":60,"linkedFields":[],"relatedInfos":[],"references":[]},{"@type":"field","id":158949160,"name":"ShippingResponsecode__c","type":"string","uniqueName":"ShippingResponsecode__c","label":"ShippingResponsecode","parentObject":"Book__c.Account__r","pcType":"STRING","precision":10,"scale":0,"columnIndex":61,"isKey":false,"isExternalId":false,"isSfIdLookup":false,"isNullable":true,"isUnique":false,"isCreateable":true,"isUpdateable":true,"isFilterable":true,"isCalculated":false,"showLabel":true,"naturalOrder":61,"linkedFields":[],"relatedInfos":[],"references":[]},{"@type":"field","id":158949163,"name":"phoneresponse__c","type":"string","uniqueName":"phoneresponse__c","label":"phoneresponse","parentObject":"Book__c.Account__r","pcType":"STRING","precision":10,"scale":0,"columnIndex":62,"isKey":false,"isExternalId":false,"isSfIdLookup":false,"isNullable":true,"isUnique":false,"isCreateable":true,"isUpdateable":true,"isFilterable":true,"isCalculated":false,"showLabel":true,"naturalOrder":62,"linkedFields":[],"relatedInfos":[],"references":[]},{"@type":"field","id":158949166,"name":"shiprescode__c","type":"string","uniqueName":"shiprescode__c","label":"shiprescode","parentObject":"Book__c.Account__r","pcType":"STRING","precision":10,"scale":0,"columnIndex":63,"isKey":false,"isExternalId":false,"isSfIdLookup":false,"isNullable":true,"isUnique":false,"isCreateable":true,"isUpdateable":true,"isFilterable":true,"isCalculated":false,"showLabel":true,"naturalOrder":63,"linkedFields":[],"relatedInfos":[],"references":[]},{"@type":"field","id":158949169,"name":"phcode__c","type":"string","uniqueName":"phcode__c","label":"phcode","parentObject":"Book__c.Account__r","pcType":"STRING","precision":10,"scale":0,"columnIndex":64,"isKey":false,"isExternalId":false,"isSfIdLookup":false,"isNullable":true,"isUnique":false,"isCreateable":true,"isUpdateable":true,"isFilterable":true,"isCalculated":false,"showLabel":true,"naturalOrder":64,"linkedFields":[],"relatedInfos":[],"references":[]},{"@type":"field","id":158949172,"name":"Address_Verification__c","type":"string","uniqueName":"Address_Verification__c","label":"Address Verification","parentObject":"Book__c.Account__r","pcType":"STRING","precision":18,"scale":0,"columnIndex":65,"isKey":false,"isExternalId":false,"isSfIdLookup":false,"isNullable":true,"isUnique":false,"isCreateable":true,"isUpdateable":true,"isFilterable":true,"isCalculated":false,"showLabel":true,"naturalOrder":65,"linkedFields":[],"relatedInfos":[],"references":[]},{"@type":"field","id":158949175,"name":"Address_Verification_Process_Status__c","type":"string","uniqueName":"Address_Verification_Process_Status__c","label":"Address Verification Process Status","parentObject":"Book__c.Account__r","pcType":"STRING","precision":10,"scale":0,"columnIndex":66,"isKey":false,"isExternalId":false,"isSfIdLookup":false,"isNullable":true,"isUnique":false,"isCreateable":true,"isUpdateable":true,"isFilterable":true,"isCalculated":false,"showLabel":true,"naturalOrder":66,"linkedFields":[],"relatedInfos":[],"references":[]},{"@type":"field","id":158949178,"name":"Date__c","type":"date","uniqueName":"Date__c","label":"Date","parentObject":"Book__c.Account__r","pcType":"DATE","precision":10,"scale":0,"columnIndex":67,"isKey":false,"isExternalId":false,"isSfIdLookup":false,"isNullable":true,"isUnique":false,"isCreateable":true,"isUpdateable":true,"isFilterable":true,"isCalculated":false,"showLabel":true,"naturalOrder":67,"linkedFields":[],"relatedInfos":[],"references":[]},{"@type":"field","id":158949181,"name":"Enrollment_Date_Formula__c","type":"date","uniqueName":"Enrollment_Date_Formula__c","label":"Enrollment_Date_Formul","parentObject":"Book__c.Account__r","pcType":"DATE","precision":10,"scale":0,"columnIndex":68,"isKey":false,"isExternalId":false,"isSfIdLookup":false,"isNullable":true,"isUnique":false,"isCreateable":true,"isUpdateable":true,"isFilterable":true,"isCalculated":false,"showLabel":true,"naturalOrder":68,"linkedFields":[],"relatedInfos":[],"references":[]},{"@type":"field","id":158949184,"name":"acc_email__c","type":"email","uniqueName":"acc_email__c","label":"acc_email","parentObject":"Book__c.Account__r","pcType":"STRING","precision":80,"scale":0,"columnIndex":69,"isKey":false,"isExternalId":false,"isSfIdLookup":false,"isNullable":true,"isUnique":false,"isCreateable":true,"isUpdateable":true,"isFilterable":true,"isCalculated":false,"showLabel":true,"naturalOrder":69,"linkedFields":[],"relatedInfos":[],"references":[]},{"@type":"field","id":158949187,"name":"erescode__c","type":"string","uniqueName":"erescode__c","label":"erescode","parentObject":"Book__c.Account__r","pcType":"STRING","precision":10,"scale":0,"columnIndex":70,"isKey":false,"isExternalId":false,"isSfIdLookup":false,"isNullable":true,"isUnique":false,"isCreateable":true,"isUpdateable":true,"isFilterable":true,"isCalculated":false,"showLabel":true,"naturalOrder":70,"linkedFields":[],"relatedInfos":[],"references":[]},{"@type":"field","id":158949190,"name":"acccurrency__c","type":"currency","uniqueName":"acccurrency__c","label":"acccurrency","parentObject":"Book__c.Account__r","pcType":"HIPRECDECIMAL","precision":18,"scale":0,"columnIndex":71,"isKey":false,"isExternalId":false,"isSfIdLookup":false,"isNullable":true,"isUnique":false,"isCreateable":true,"isUpdateable":true,"isFilterable":true,"isCalculated":false,"showLabel":true,"naturalOrder":71,"linkedFields":[],"relatedInfos":[],"references":[]},{"@type":"field","id":158949193,"name":"accnumber__c","type":"double","uniqueName":"accnumber__c","label":"accnumber","parentObject":"Book__c.Account__r","pcType":"HIPRECDECIMAL","precision":18,"scale":0,"columnIndex":72,"isKey":false,"isExternalId":false,"isSfIdLookup":false,"isNullable":true,"isUnique":false,"isCreateable":true,"isUpdateable":true,"isFilterable":true,"isCalculated":false,"showLabel":true,"naturalOrder":72,"linkedFields":[],"relatedInfos":[],"references":[]},{"@type":"field","id":158949196,"name":"Formula__c","type":"boolean","uniqueName":"Formula__c","label":"Formula","parentObject":"Book__c.Account__r","pcType":"INT","precision":10,"scale":0,"columnIndex":73,"isKey":false,"isExternalId":false,"isSfIdLookup":false,"isNullable":false,"isUnique":false,"isCreateable":false,"isUpdateable":false,"isFilterable":true,"isCalculated":false,"showLabel":true,"naturalOrder":73,"linkedFields":[],"relatedInfos":[],"references":[]},{"@type":"field","id":158949199,"name":"DAAS__c","type":"picklist","uniqueName":"DAAS__c","label":"DAAS","parentObject":"Book__c.Account__r","pcType":"STRING","precision":255,"scale":0,"columnIndex":74,"isKey":false,"isExternalId":false,"isSfIdLookup":false,"isNullable":true,"isUnique":false,"isCreateable":true,"isUpdateable":true,"isFilterable":true,"isCalculated":false,"showLabel":true,"naturalOrder":74,"linkedFields":[],"relatedInfos":[],"references":[]},{"@type":"field","id":158949202,"name":"test2__c","type":"reference","uniqueName":"test2__c","label":"Asset","parentObject":"Book__c.Account__r","pcType":"STRING","precision":18,"scale":0,"columnIndex":75,"isKey":false,"isExternalId":false,"isSfIdLookup":false,"isNullable":true,"isUnique":false,"isCreateable":true,"isUpdateable":true,"isFilterable":true,"isCalculated":false,"showLabel":true,"naturalOrder":75,"linkedFields":[],"relatedInfos":[{"@type":"fieldRelatedInfo","id":6694201,"referenceObject":"Asset","relationshipName":"test2__r","referenceField":{"@type":"field","id":-1,"precision":0,"scale":0,"columnIndex":-1,"isKey":false,"isExternalId":false,"isSfIdLookup":false,"isNullable":true,"isUnique":false,"isCreateable":false,"isUpdateable":true,"isFilterable":true,"isCalculated":false,"showLabel":true,"naturalOrder":0,"linkedFields":[],"relatedInfos":[],"references":[]}}],"references":[]},{"@type":"field","id":158949205,"name":"Daaspicklist__c","type":"multipicklist","uniqueName":"Daaspicklist__c","label":"Daaspicklist","parentObject":"Book__c.Account__r","pcType":"STRING","precision":4099,"scale":0,"columnIndex":76,"isKey":false,"isExternalId":false,"isSfIdLookup":false,"isNullable":true,"isUnique":false,"isCreateable":true,"isUpdateable":true,"isFilterable":true,"isCalculated":false,"showLabel":true,"naturalOrder":76,"linkedFields":[],"relatedInfos":[],"references":[]},{"@type":"field","id":158949208,"name":"extid_test__c","type":"double","uniqueName":"extid_test__c","label":"extid_test","parentObject":"Book__c.Account__r","pcType":"HIPRECDECIMAL","precision":18,"scale":0,"columnIndex":77,"isKey":false,"isExternalId":true,"isSfIdLookup":true,"isNullable":true,"isUnique":false,"isCreateable":true,"isUpdateable":true,"isFilterable":true,"isCalculated":false,"showLabel":true,"naturalOrder":77,"linkedFields":[],"relatedInfos":[],"references":[]},{"@type":"field","id":158949211,"name":"Sydley__c","type":"textarea","uniqueName":"Sydley__c","label":"Sydley","parentObject":"Book__c.Account__r","pcType":"STRING","precision":255,"scale":0,"columnIndex":78,"isKey":false,"isExternalId":false,"isSfIdLookup":false,"isNullable":true,"isUnique":false,"isCreateable":true,"isUpdateable":true,"isFilterable":true,"isCalculated":false,"showLabel":true,"naturalOrder":78,"linkedFields":[],"relatedInfos":[],"references":[]},{"@type":"field","id":158949214,"name":"Payload__c","type":"textarea","uniqueName":"Payload__c","label":"Payload","parentObject":"Book__c.Account__r","pcType":"STRING","precision":32768,"scale":0,"columnIndex":79,"isKey":false,"isExternalId":false,"isSfIdLookup":false,"isNullable":true,"isUnique":false,"isCreateable":true,"isUpdateable":true,"isFilterable":false,"isCalculated":false,"showLabel":true,"naturalOrder":79,"linkedFields":[],"relatedInfos":[],"references":[]},{"@type":"field","id":158949217,"name":"County__c","type":"string","uniqueName":"County__c","label":"County","parentObject":"Book__c.Account__r","pcType":"STRING","precision":25,"scale":0,"columnIndex":80,"isKey":false,"isExternalId":false,"isSfIdLookup":false,"isNullable":true,"isUnique":false,"isCreateable":true,"isUpdateable":true,"isFilterable":true,"isCalculated":false,"showLabel":true,"naturalOrder":80,"linkedFields":[],"relatedInfos":[],"references":[]},{"@type":"field","id":158949220,"name":"Bcountry__c","type":"picklist","uniqueName":"Bcountry__c","label":"Bcountry","parentObject":"Book__c.Account__r","pcType":"STRING","precision":255,"scale":0,"columnIndex":81,"isKey":false,"isExternalId":false,"isSfIdLookup":false,"isNullable":true,"isUnique":false,"isCreateable":true,"isUpdateable":true,"isFilterable":true,"isCalculated":false,"showLabel":true,"naturalOrder":81,"linkedFields":[],"relatedInfos":[],"references":[]},{"@type":"field","id":158949223,"name":"US_State__c","type":"multipicklist","uniqueName":"US_State__c","label":"US_State","parentObject":"Book__c.Account__r","pcType":"STRING","precision":4099,"scale":0,"columnIndex":82,"isKey":false,"isExternalId":false,"isSfIdLookup":false,"isNullable":true,"isUnique":false,"isCreateable":true,"isUpdateable":true,"isFilterable":true,"isCalculated":false,"showLabel":true,"naturalOrder":82,"linkedFields":[],"relatedInfos":[],"references":[]},{"@type":"field","id":158949226,"name":"Bstate__c","type":"picklist","uniqueName":"Bstate__c","label":"Bstate","parentObject":"Book__c.Account__r","pcType":"STRING","precision":255,"scale":0,"columnIndex":83,"isKey":false,"isExternalId":false,"isSfIdLookup":false,"isNullable":true,"isUnique":false,"isCreateable":true,"isUpdateable":true,"isFilterable":true,"isCalculated":false,"showLabel":true,"naturalOrder":83,"linkedFields":[],"relatedInfos":[],"references":[]},{"@type":"field","id":158949229,"name":"sstate__c","type":"picklist","uniqueName":"sstate__c","label":"sstate","parentObject":"Book__c.Account__r","pcType":"STRING","precision":255,"scale":0,"columnIndex":84,"isKey":false,"isExternalId":false,"isSfIdLookup":false,"isNullable":true,"isUnique":false,"isCreateable":true,"isUpdateable":true,"isFilterable":true,"isCalculated":false,"showLabel":true,"naturalOrder":84,"linkedFields":[],"relatedInfos":[],"references":[]},{"@type":"field","id":158949232,"name":"scountry__c","type":"picklist","uniqueName":"scountry__c","label":"scountry","parentObject":"Book__c.Account__r","pcType":"STRING","precision":255,"scale":0,"columnIndex":85,"isKey":false,"isExternalId":false,"isSfIdLookup":false,"isNullable":true,"isUnique":false,"isCreateable":true,"isUpdateable":true,"isFilterable":true,"isCalculated":false,"showLabel":true,"naturalOrder":85,"linkedFields":[],"relatedInfos":[],"references":[]},{"@type":"field","id":158949235,"name":"accountDate__c","type":"date","uniqueName":"accountDate__c","label":"accountDate","parentObject":"Book__c.Account__r","pcType":"DATE","precision":10,"scale":0,"columnIndex":86,"isKey":false,"isExternalId":false,"isSfIdLookup":false,"isNullable":true,"isUnique":false,"isCreateable":true,"isUpdateable":true,"isFilterable":true,"isCalculated":false,"showLabel":true,"naturalOrder":86,"linkedFields":[],"relatedInfos":[],"references":[]},{"@type":"field","id":158949238,"name":"accountdt__c","type":"datetime","uniqueName":"accountdt__c","label":"accountdt","parentObject":"Book__c.Account__r","pcType":"DATE","precision":24,"scale":0,"columnIndex":87,"isKey":false,"isExternalId":false,"isSfIdLookup":false,"isNullable":true,"isUnique":false,"isCreateable":true,"isUpdateable":true,"isFilterable":true,"isCalculated":false,"showLabel":true,"naturalOrder":87,"linkedFields":[],"relatedInfos":[],"references":[]},{"@type":"field","id":158949241,"name":"MPhone__c","type":"phone","uniqueName":"MPhone__c","label":"MPhone","parentObject":"Book__c.Account__r","pcType":"STRING","precision":40,"scale":0,"columnIndex":88,"isKey":false,"isExternalId":false,"isSfIdLookup":false,"isNullable":true,"isUnique":false,"isCreateable":true,"isUpdateable":true,"isFilterable":true,"isCalculated":false,"showLabel":true,"naturalOrder":88,"linkedFields":[],"relatedInfos":[],"references":[]},{"@type":"field","id":158949244,"name":"CarrierName__c","type":"string","uniqueName":"CarrierName__c","label":"CarrierName","parentObject":"Book__c.Account__r","pcType":"STRING","precision":255,"scale":0,"columnIndex":89,"isKey":false,"isExternalId":false,"isSfIdLookup":false,"isNullable":true,"isUnique":false,"isCreateable":true,"isUpdateable":true,"isFilterable":true,"isCalculated":false,"showLabel":true,"naturalOrder":89,"linkedFields":[],"relatedInfos":[],"references":[]},{"@type":"field","id":158949247,"name":"ErrorCode__c","type":"string","uniqueName":"ErrorCode__c","label":"ErrorCode","parentObject":"Book__c.Account__r","pcType":"STRING","precision":50,"scale":0,"columnIndex":90,"isKey":false,"isExternalId":false,"isSfIdLookup":false,"isNullable":true,"isUnique":false,"isCreateable":true,"isUpdateable":true,"isFilterable":true,"isCalculated":false,"showLabel":true,"naturalOrder":90,"linkedFields":[],"relatedInfos":[],"references":[]},{"@type":"field","id":158949250,"name":"NumberType__c","type":"string","uniqueName":"NumberType__c","label":"NumberType","parentObject":"Book__c.Account__r","pcType":"STRING","precision":50,"scale":0,"columnIndex":91,"isKey":false,"isExternalId":false,"isSfIdLookup":false,"isNullable":true,"isUnique":false,"isCreateable":true,"isUpdateable":true,"isFilterable":true,"isCalculated":false,"showLabel":true,"naturalOrder":91,"linkedFields":[],"relatedInfos":[],"references":[]},{"@type":"field","id":158949253,"name":"description__c","type":"textarea","uniqueName":"description__c","label":"description","parentObject":"Book__c.Account__r","pcType":"STRING","precision":255,"scale":0,"columnIndex":92,"isKey":false,"isExternalId":false,"isSfIdLookup":false,"isNullable":true,"isUnique":false,"isCreateable":true,"isUpdateable":true,"isFilterable":true,"isCalculated":false,"showLabel":true,"naturalOrder":92,"linkedFields":[],"relatedInfos":[],"references":[]},{"@type":"field","id":158949256,"name":"Street_steve__c","type":"textarea","uniqueName":"Street_steve__c","label":"Street_steve","parentObject":"Book__c.Account__r","pcType":"STRING","precision":255,"scale":0,"columnIndex":93,"isKey":false,"isExternalId":false,"isSfIdLookup":false,"isNullable":true,"isUnique":false,"isCreateable":true,"isUpdateable":true,"isFilterable":true,"isCalculated":false,"showLabel":true,"naturalOrder":93,"linkedFields":[],"relatedInfos":[],"references":[]},{"@type":"field","id":158949259,"name":"isct__c","type":"string","uniqueName":"isct__c","label":"isct","parentObject":"Book__c.Account__r","pcType":"STRING","precision":50,"scale":0,"columnIndex":94,"isKey":false,"isExternalId":false,"isSfIdLookup":false,"isNullable":true,"isUnique":false,"isCreateable":true,"isUpdateable":true,"isFilterable":true,"isCalculated":false,"showLabel":true,"naturalOrder":94,"linkedFields":[],"relatedInfos":[],"references":[]},{"@type":"field","id":158949262,"name":"lengthofdecimal__c","type":"double","uniqueName":"lengthofdecimal__c","label":"lengthofdecimal","parentObject":"Book__c.Account__r","pcType":"HIPRECDECIMAL","precision":18,"scale":0,"columnIndex":95,"isKey":false,"isExternalId":false,"isSfIdLookup":false,"isNullable":true,"isUnique":false,"isCreateable":true,"isUpdateable":true,"isFilterable":true,"isCalculated":false,"showLabel":true,"naturalOrder":95,"linkedFields":[],"relatedInfos":[],"references":[]},{"@type":"field","id":158949265,"name":"Ironstamp__c","type":"datetime","uniqueName":"Ironstamp__c","label":"Ironstamp","parentObject":"Book__c.Account__r","pcType":"DATE","precision":24,"scale":0,"columnIndex":96,"isKey":false,"isExternalId":false,"isSfIdLookup":false,"isNullable":true,"isUnique":false,"isCreateable":true,"isUpdateable":true,"isFilterable":true,"isCalculated":false,"showLabel":true,"naturalOrder":96,"linkedFields":[],"relatedInfos":[],"references":[]},{"@type":"field","id":158949268,"name":"Expedia__c","type":"textarea","uniqueName":"Expedia__c","label":"Expedia","parentObject":"Book__c.Account__r","pcType":"STRING","precision":32768,"scale":0,"columnIndex":97,"isKey":false,"isExternalId":false,"isSfIdLookup":false,"isNullable":true,"isUnique":false,"isCreateable":true,"isUpdateable":true,"isFilterable":false,"isCalculated":false,"showLabel":true,"naturalOrder":97,"linkedFields":[],"relatedInfos":[],"references":[]}],"sortFields":[],"groupFields":[]}]