[{"@type":"mappingTemplate","id":"@1","name":"Mapping356","description":"","bundleVersion":"0","templateId":"@3","deployTime":1670794109000,"hasParameters":false,"valid":true,"fixedConnection":true,"hasParametersDeployed":false,"fixedConnectionDeployed":true,"tasks":1,"mappingPreviewFileRecordId":"@2","documentType":"MAPPING","references":[{"@type":"reference","refObjectId":"@3uMu27iIBoWf0UgY2lxZoo","refType":"connection"},{"@type":"reference","refObjectId":"@cwgaX9qR882eMXhFKSByYR","refType":"connection"}]}]