[{"@type":"mtTask","id":"@1","name":"Git_manual","description":"","runtimeEnvironmentId":"@165jpQBwWeSjXM7D9uN124","maxLogs":10,"verbose":false,"mappingId":"@bLplBSGC7CofPOCLb2v58k","shortDescription":"","sessionPropertiesList":[],"enableCrossSchemaPushdown":true,"enableParallelRun":false,"autoTunedApplied":false,"autoTunedAppliedType":"NONE","paramFileType":"PARAM_FILE_LOCAL","parameterFileEncoding":"UTF-8","serverlessProperties":{},"parameters":[{"@type":"mtTaskParameter","id":204802117,"name":"$Source$","type":"EXTENDED_SOURCE","label":"NewParameter","description":"","uiProperties":{"cnxtype":"CSVFile","connectionParameterized":"true","logcnx":"NewParameter","isMsrcFilterParameterized":"false","isMsrcSortParameterized":"false","objlabel":"NewParameter1","objectParameterized":"true","objDesc":""},"sourceConnectionId":"@4XEK4rV72TogF122DwLFqY","newFlatFile":false,"newObject":false,"showBusinessNames":true,"naturalOrder":true,"truncateTarget":false,"bulkApiDBTarget":false,"customFuncCfg":{"@type":"customFuncConfig","id":-1,"connections":[],"inputMap":[],"outputFields":[]},"tgtFieldRefs":{},"targetUpdateColumns":[],"extendedObject":{"@type":"extendedObject","object":{"@type":"mObject","name":"biotest.csv","label":"biotest.csv","metadataUpdated":false,"relations":[],"children":[]},"filters":[],"sortFields":[]},"runtimeAttrs":{},"isRESTModernSource":true,"isFileList":false,"handleSpecialChars":false,"frsAsset":false,"dynamicFileName":false,"currentlyProcessedFileName":false,"tgtObjectAttributes":{},"runtimeParameterData":{"@type":"mtTaskRuntimeParameterData","isConnectionRuntimeParameter":true,"isObjectRuntimeParameter":true,"connectionParameterName":"NewParameter","objectParameterName":"NewParameter1","objectDefaultValue":"biotest.csv"},"overriddenFields":[]},{"@type":"mtTaskParameter","id":204802120,"name":"$Target$","type":"TARGET","label":"NewParameter2","description":"","uiProperties":{"cnxtype":"CSVFile","connectionParameterized":"true","logcnx":"NewParameter2","objlabel":"NewParameter1","objectParameterized":"true","objDesc":"","defaultTargetUpdateColumns":"","noCreateTarget":"true"},"targetConnectionId":"@e6d3Fff3OclcYETMruiOqm","targetObject":"rs_ff.csv","targetObjectLabel":"rs_ff.csv","newFlatFile":false,"newObject":false,"showBusinessNames":true,"naturalOrder":true,"truncateTarget":false,"bulkApiDBTarget":false,"operationType":"Insert","customFuncCfg":{"@type":"customFuncConfig","id":-1,"connections":[],"inputMap":[],"outputFields":[]},"tgtFieldRefs":{},"targetUpdateColumns":[],"extendedObject":{"@type":"extendedObject","filters":[],"sortFields":[]},"runtimeAttrs":{},"isRESTModernSource":true,"isFileList":false,"handleSpecialChars":false,"frsAsset":false,"dynamicFileName":false,"currentlyProcessedFileName":false,"tgtObjectAttributes":{},"runtimeParameterData":{"@type":"mtTaskRuntimeParameterData","isConnectionRuntimeParameter":true,"isObjectRuntimeParameter":true,"connectionParameterName":"NewParameter2","objectParameterName":"NewParameter1","objectDefaultValue":"rs_ff.csv"},"overriddenFields":[]}],"sequences":[],"inOutParameters":[],"connRuntimeAttrs":[]}]