[{"@type":"mappingTemplate","id":"@1","name":"m_s3_parse_debug64k","description":"","bundleVersion":"0","templateId":"@3","hasParameters":false,"valid":true,"fixedConnection":true,"hasParametersDeployed":false,"fixedConnectionDeployed":false,"tasks":0,"mappingPreviewFileRecordId":"@2","documentType":"","references":[{"@type":"reference","refObjectId":"@6gXFy2LTEufltVjRiLFW8q","refType":"customFunc"},{"@type":"reference","refObjectId":"@d8wOHaODmW2iFQaccQnF46","refType":"hschema"},{"@type":"reference","refObjectId":"@88L7UL5r4dQkB8icEnSo4u","refType":"connection"},{"@type":"reference","refObjectId":"@7igy7bmHJyEivl59eMQk62","refType":"connection"}]}]