[{"@type":"mappingTemplate","id":"@1","name":"S3_Redshift","description":"","bundleVersion":"0","templateId":"@3","deployTime":1694107643000,"hasParameters":false,"valid":true,"fixedConnection":true,"hasParametersDeployed":false,"fixedConnectionDeployed":true,"isSchemaValidationEnabled":false,"tasks":1,"mappingPreviewFileRecordId":"@2","documentType":"MAPPING","references":[{"@type":"reference","refObjectId":"@4b0WFN6l2mLkUWu92HxBYa","refType":"connection"},{"@type":"reference","refObjectId":"@7QIJ32hJrBgeEW1QyElssA","refType":"connection"}]}]